Filename,Segment,WC,Analytic,Clout,Authentic,Tone,WPS,BigWords,Dic,Linguistic,function,pronoun,ppron,i,we,you,shehe,they,ipron,det,article,number,prep,auxverb,adverb,conj,negate,verb,adj,quantity,Drives,affiliation,achieve,power,Cognition,allnone,cogproc,insight,cause,discrep,tentat,certitude,differ,memory,Affect,tone_pos,tone_neg,emotion,emo_pos,emo_neg,emo_anx,emo_anger,emo_sad,swear,Social,socbehav,prosocial,polite,conflict,moral,comm,socrefs,family,friend,female,male,Culture,politic,ethnicity,tech,Lifestyle,leisure,home,work,money,relig,Physical,health,illness,wellness,mental,substances,sexual,food,death,need,want,acquire,lack,fulfill,fatigue,reward,risk,curiosity,allure,Perception,attention,motion,space,visual,auditory,feeling,time,focuspast,focuspresent,focusfuture,Conversation,netspeak,assent,nonflu,filler,AllPunc,Period,Comma,QMark,Exclam,Apostro,OtherP,Emoji
1-Attend.txt,1,60,80.96,98.75,39.59,20.23,15,20,91.67,66.67,51.67,13.33,10,0,0,10,0,0,3.33,10,3.33,0,20,5,3.33,6.67,0,18.33,1.67,3.33,1.67,0,1.67,0,13.33,0,13.33,1.67,3.33,1.67,3.33,0,5,0,0,0,0,0,0,0,0,0,0,0,15,3.33,3.33,3.33,0,0,0,11.67,0,0,0,0,6.67,0,0,6.67,10,0,0,10,0,0,0,0,0,0,0,0,0,0,0,1.67,0,1.67,0,0,0,0,0,0,11.67,13.33,1.67,0,10,1.67,0,0,1.67,1.67,0,1.67,0,0,0,0,0,16.67,6.67,6.67,0,0,0,3.33,0
10-Attend.txt,1,427,85.55,49.82,49.37,20.23,28.47,21.78,83.14,66.28,51.99,8.2,4.45,0,0,3.98,0,0,3.75,19.44,10.07,2.58,13.58,7.26,2.81,7.03,0.94,11.94,6.32,8.43,1.87,0,0.94,0.94,15.46,0.94,14.05,0.94,4.45,0,4.68,0,7.03,0,0,0,0,0,0,0,0,0,0,0,12.18,6.09,0.23,0.23,0,3.04,0.23,5.62,0,0,0,0,0,0,0,0,6.09,0,0.23,5.39,0.7,0,0,0,0,0,0,0,0,0,0,0.23,0,1.17,1.17,0.94,0,0,0,0,3.75,4.92,0,0.94,3.75,0.23,0,0,5.39,2.34,2.81,2.58,0,0,0,0,0,10.3,3.98,2.81,0,0,0,3.51,0
100-Attend.txt,1,52,70.09,81.78,6.15,1,13,13.46,92.31,63.46,44.23,9.62,9.62,1.92,0,7.69,0,0,0,9.62,3.85,0,13.46,5.77,1.92,7.69,1.92,19.23,5.77,3.85,5.77,0,3.85,1.92,17.31,3.85,13.46,1.92,3.85,0,7.69,0,5.77,0,7.69,1.92,5.77,1.92,0,0,0,0,0,0,19.23,9.62,5.77,5.77,0,0,3.85,9.62,0,0,0,0,1.92,0,0,1.92,11.54,0,0,11.54,0,0,3.85,3.85,1.92,0,0,0,0,0,0,0,0,0,0,0,0,0,0,0,5.77,0,0,0,0,0,0,0,0,0,1.92,1.92,0,0,0,0,0,15.38,7.69,7.69,0,0,0,0,0
101-Attend.txt,1,25,74.19,40.06,3.34,20.23,8.33,24,92,52,44,0,0,0,0,0,0,0,0,8,0,0,16,12,0,8,4,20,0,4,0,0,0,0,20,8,12,0,0,8,4,8,4,0,0,0,0,0,0,0,0,0,0,0,8,0,0,0,0,0,0,8,0,0,0,0,16,0,0,16,16,0,0,16,0,0,0,0,0,0,0,0,0,0,0,0,0,0,0,0,0,0,0,0,4,8,0,4,4,0,0,0,4,4,4,4,0,0,0,0,0,12,12,0,0,0,0,0,0
103-Attend.txt,1,22,81.89,99,50.45,20.23,22,27.27,81.82,68.18,50,9.09,9.09,0,0,9.09,0,0,0,13.64,4.55,0,18.18,13.64,0,4.55,0,22.73,9.09,9.09,0,0,0,0,0,0,0,0,0,0,0,0,0,0,0,0,0,0,0,0,0,0,0,0,9.09,0,0,0,0,0,0,9.09,0,0,0,0,0,0,0,0,13.64,0,0,13.64,0,0,0,0,0,0,0,0,0,0,0,0,0,0,0,0,0,0,0,0,4.55,18.18,0,0,13.64,4.55,0,0,4.55,0,0,9.09,0,0,0,0,0,18.18,4.55,4.55,0,0,0,9.09,0
105-Attend.txt,1,120,32.63,84.23,39.59,20.23,40,20,85.83,69.17,56.67,11.67,10,0,0.83,9.17,0,0,1.67,9.17,2.5,1.67,14.17,11.67,1.67,11.67,2.5,21.67,4.17,2.5,2.5,2.5,0,0,21.67,0,21.67,2.5,6.67,1.67,5,0,10,0,0,0,0,0,0,0,0,0,0,0,18.33,7.5,3.33,1.67,0,0.83,3.33,10.83,0,0,0,0,0,0,0,0,5,0,0,5,0,0,3.33,3.33,2.5,0,0,0,0,0,0,2.5,0,1.67,2.5,0.83,0,0,0,1.67,3.33,5,0.83,0,4.17,0,0,0,1.67,3.33,3.33,4.17,0,0,0,0,0,11.67,4.17,6.67,0,0,0,0.83,0
106-Attend.txt,1,29,5.28,99,43.66,20.23,14.5,10.34,89.66,86.21,65.52,20.69,20.69,3.45,0,17.24,0,0,0,6.9,3.45,0,13.79,24.14,0,10.34,0,37.93,10.34,0,3.45,3.45,0,0,17.24,0,17.24,6.9,3.45,3.45,3.45,0,3.45,0,0,0,0,0,0,0,0,0,0,0,20.69,3.45,3.45,0,0,0,0,17.24,0,0,0,0,0,0,0,0,0,0,0,0,0,0,0,0,0,0,0,0,0,0,0,0,0,0,6.9,0,0,0,0,0,3.45,0,0,0,0,0,0,0,6.9,0,10.34,10.34,0,0,0,0,0,10.34,6.9,3.45,0,0,0,0,0
107-Attend.txt,1,55,80,95.19,5.07,76.62,27.5,20,89.09,69.09,60,14.55,5.45,0,1.82,3.64,0,0,9.09,25.45,12.73,0,14.55,10.91,3.64,3.64,0,16.36,1.82,7.27,5.45,1.82,3.64,0,7.27,0,7.27,3.64,1.82,1.82,1.82,0,0,0,3.64,3.64,0,1.82,1.82,0,0,0,0,0,10.91,3.64,0,0,0,0,1.82,7.27,0,0,0,0,0,0,0,0,7.27,0,0,7.27,0,0,0,0,0,0,0,0,0,0,0,0,1.82,0,0,0,0,1.82,0,0,3.64,5.45,0,0,5.45,0,0,0,1.82,1.82,9.09,0,0,0,0,0,0,10.91,3.64,3.64,0,0,1.82,1.82,0
108-Attend.txt,1,139,77.78,31.99,77.61,20.23,19.86,28.06,86.33,64.75,48.2,4.32,3.6,0,0.72,0.72,0,1.44,0.72,12.95,6.47,2.88,13.67,10.07,2.16,8.63,1.44,15.83,9.35,9.35,1.44,0.72,0.72,0,12.95,0.72,12.23,1.44,2.16,0,4.32,0,8.63,0,1.44,0.72,0.72,0.72,0,0.72,0,0,0,0,10.79,3.6,0.72,0.72,0,0.72,0.72,7.19,0,0,0,0,2.16,0,0,2.16,14.39,0,0,12.23,2.16,0,1.44,1.44,0.72,0,0,0,0,0,0,0,0,2.16,0.72,1.44,0,0.72,0,0,3.6,5.76,0,1.44,5.04,0,0,0,5.76,2.16,2.88,4.32,0,0,0,0,0,15.11,5.04,2.88,0,0,0,7.19,0
109-Attend.txt,1,69,30.77,73.29,34.62,95.08,23,24.64,88.41,72.46,57.97,10.14,7.25,0,0,7.25,0,0,2.9,14.49,7.25,1.45,11.59,14.49,4.35,10.14,2.9,20.29,7.25,1.45,2.9,1.45,1.45,0,14.49,1.45,13.04,1.45,2.9,0,5.8,0,7.25,0,5.8,5.8,0,1.45,0,0,0,0,0,0,13.04,4.35,1.45,0,0,0,0,8.7,0,0,0,0,0,0,0,0,7.25,0,0,7.25,0,0,0,0,0,0,0,0,0,0,0,1.45,0,0,1.45,0,0,1.45,0,0,2.9,4.35,0,0,4.35,0,0,0,2.9,5.8,4.35,4.35,0,0,0,0,0,8.7,4.35,2.9,0,0,0,1.45,0
11-Attend.txt,1,23,34.72,99,4.38,20.23,23,30.43,82.61,52.17,43.48,13.04,13.04,0,0,13.04,0,0,0,8.7,0,0,8.7,8.7,0,8.7,0,17.39,0,4.35,0,0,0,0,17.39,4.35,13.04,4.35,4.35,0,4.35,0,4.35,0,0,0,0,0,0,0,0,0,0,0,17.39,4.35,0,0,0,0,0,13.04,0,0,0,0,0,0,0,0,21.74,0,0,21.74,0,0,0,0,0,0,0,0,0,0,0,0,0,0,0,0,0,0,0,0,4.35,0,0,0,0,0,0,0,0,4.35,8.7,4.35,0,0,0,0,0,21.74,4.35,13.04,0,0,0,4.35,0
110-Attend.txt,1,48,13.27,52.49,54.55,99,24,31.25,87.5,72.92,56.25,8.33,6.25,0,0,6.25,0,0,2.08,10.42,4.17,0,10.42,14.58,6.25,12.5,4.17,20.83,10.42,0,4.17,2.08,2.08,0,18.75,2.08,16.67,2.08,4.17,0,6.25,0,8.33,0,8.33,8.33,0,2.08,0,0,0,0,0,0,14.58,6.25,2.08,0,0,0,0,8.33,0,0,0,0,0,0,0,0,6.25,0,0,6.25,0,0,0,0,0,0,0,0,0,0,0,2.08,0,0,0,0,0,2.08,0,0,2.08,6.25,0,0,6.25,0,0,0,2.08,6.25,4.17,4.17,0,0,0,0,0,8.33,4.17,2.08,0,0,0,2.08,0
112-Attend.txt,1,73,73.65,32.36,21.11,7.77,24.33,35.62,83.56,58.9,49.32,2.74,0,0,0,0,0,0,2.74,6.85,4.11,0,16.44,15.07,2.74,6.85,1.37,17.81,8.22,0,1.37,0,0,1.37,4.11,0,4.11,1.37,1.37,0,0,0,1.37,0,4.11,1.37,2.74,1.37,0,0,0,0,0,0,2.74,1.37,1.37,0,0,0,0,1.37,0,0,0,0,0,0,0,0,12.33,0,0,12.33,0,0,4.11,4.11,2.74,0,0,0,0,0,0,2.74,0,1.37,0,1.37,0,0,1.37,1.37,0,10.96,1.37,0,8.22,1.37,0,0,2.74,4.11,2.74,5.48,0,0,0,0,0,10.96,4.11,1.37,0,0,0,5.48,0
115-Attend.txt,1,98,86.45,46.09,24.32,34.6,14,22.45,84.69,62.24,50,2.04,2.04,0,0,2.04,0,0,0,11.22,7.14,0,16.33,9.18,3.06,9.18,2.04,17.35,3.06,5.1,0,0,0,0,10.2,4.08,6.12,0,2.04,1.02,0,0,3.06,0,1.02,1.02,0,1.02,1.02,0,0,0,0,0,9.18,4.08,1.02,2.04,0,0,2.04,4.08,0,0,0,0,4.08,0,0,4.08,11.22,0,0,11.22,0,0,0,0,0,0,0,0,0,0,0,0,0,1.02,0,0,0,0,1.02,0,4.08,6.12,0,4.08,3.06,0,0,0,5.1,2.04,3.06,3.06,0,0,0,0,0,12.24,7.14,2.04,0,0,0,3.06,0
116-Attend.txt,1,63,93.26,98.31,10.18,20.23,15.75,28.57,85.71,60.32,47.62,7.94,6.35,0,0,6.35,0,0,1.59,15.87,9.52,4.76,14.29,7.94,0,4.76,0,17.46,3.17,3.17,1.59,0,1.59,0,6.35,0,6.35,0,1.59,0,4.76,0,1.59,0,0,0,0,0,0,0,0,0,0,0,19.05,6.35,0,0,0,0,3.17,11.11,0,1.59,0,0,0,0,0,0,19.05,0,0,19.05,0,0,0,0,0,0,0,0,0,0,0,0,0,1.59,0,0,0,0,0,0,1.59,4.76,0,3.17,1.59,0,0,0,4.76,6.35,4.76,1.59,0,0,0,0,0,15.87,6.35,1.59,0,0,1.59,6.35,0
12-Attend.txt,1,108,83.52,56.63,52.89,20.23,21.6,24.07,90.74,60.19,49.07,5.56,3.7,0,0.93,2.78,0,0,1.85,10.19,7.41,4.63,14.81,9.26,1.85,7.41,1.85,15.74,4.63,2.78,5.56,1.85,1.85,2.78,14.81,0,14.81,2.78,5.56,1.85,4.63,0,4.63,0,0,0,0,0,0,0,0,0,0,0,11.11,3.7,0,0,0,0,0.93,5.56,0,0,0,0,0.93,0,0,0.93,13.89,0,0,12.96,0.93,0,0,0,0,0,0,0,0,0,0,4.63,0,0.93,0.93,0.93,0,0.93,0,0,3.7,10.19,0,3.7,6.48,0,0,0,2.78,4.63,2.78,3.7,0,0,0,0,0,13.89,4.63,6.48,0,0,0,2.78,0
120-Attend.txt,1,36,95.3,40.06,22.12,20.23,18,27.78,88.89,69.44,52.78,8.33,2.78,0,2.78,0,0,0,5.56,16.67,2.78,0,22.22,8.33,0,2.78,0,22.22,8.33,5.56,2.78,2.78,0,0,19.44,2.78,16.67,0,2.78,5.56,2.78,0,8.33,0,0,0,0,0,0,0,0,0,0,0,8.33,2.78,0,0,0,0,0,5.56,0,0,0,0,0,0,0,0,5.56,0,0,5.56,0,0,2.78,2.78,0,0,0,0,0,0,0,11.11,0,0,0,0,0,0,0,0,8.33,5.56,0,0,5.56,0,0,0,5.56,5.56,0,2.78,0,0,0,0,0,5.56,5.56,0,0,0,0,0,0
121-Attend.txt,1,36,95.3,40.06,22.12,20.23,18,27.78,88.89,69.44,52.78,8.33,2.78,0,2.78,0,0,0,5.56,16.67,2.78,0,22.22,8.33,0,2.78,0,22.22,8.33,5.56,2.78,2.78,0,0,19.44,2.78,16.67,0,2.78,5.56,2.78,0,8.33,0,0,0,0,0,0,0,0,0,0,0,8.33,2.78,0,0,0,0,0,5.56,0,0,0,0,0,0,0,0,5.56,0,0,5.56,0,0,2.78,2.78,0,0,0,0,0,0,0,11.11,0,0,0,0,0,0,0,0,8.33,5.56,0,0,5.56,0,0,0,5.56,5.56,0,2.78,0,0,0,0,0,5.56,5.56,0,0,0,0,0,0
122-Attend.txt,1,71,82.52,32.16,31.69,20.23,17.75,42.25,90.14,60.56,46.48,4.23,0,0,0,0,0,0,4.23,18.31,11.27,0,8.45,8.45,0,9.86,1.41,15.49,5.63,7.04,1.41,0,0,1.41,18.31,4.23,14.08,4.23,1.41,0,7.04,0,5.63,0,0,0,0,0,0,0,0,0,0,0,12.68,7.04,0,1.41,0,1.41,2.82,5.63,0,0,0,0,0,0,0,0,8.45,0,0,8.45,0,0,0,0,0,0,0,0,0,0,0,5.63,0,0,2.82,1.41,0,0,0,0,2.82,0,0,0,0,0,0,0,5.63,4.23,4.23,4.23,0,0,0,0,0,9.86,5.63,4.23,0,0,0,0,0
124-Attend.txt,1,17,16.49,12.77,1.39,20.23,8.5,29.41,82.35,70.59,58.82,5.88,5.88,0,0,5.88,0,0,0,0,0,0,17.65,23.53,5.88,5.88,5.88,29.41,0,5.88,5.88,0,5.88,0,23.53,0,23.53,0,0,11.76,0,11.76,11.76,0,0,0,0,0,0,0,0,0,0,0,5.88,0,0,0,0,0,0,5.88,0,0,0,0,0,0,0,0,11.76,0,0,5.88,5.88,0,0,0,0,0,0,0,0,0,0,0,0,11.76,0,0,0,5.88,0,0,0,17.65,11.76,0,5.88,0,0,0,0,5.88,0,5.88,0,0,0,0,0,17.65,11.76,0,0,0,0,5.88,0
125-Attend.txt,1,88,65.33,40.06,3.28,20.23,14.67,26.14,81.82,55.68,47.73,6.82,3.41,0,0,3.41,0,0,3.41,14.77,6.82,2.27,10.23,14.77,2.27,2.27,2.27,19.32,2.27,5.68,4.55,1.14,0,3.41,15.91,1.14,13.64,2.27,2.27,2.27,1.14,2.27,5.68,0,0,0,0,0,0,0,0,0,0,0,18.18,13.64,1.14,0,0,0,7.95,4.55,0,0,0,0,1.14,0,0,1.14,5.68,1.14,0,4.55,0,0,1.14,1.14,0,0,0,0,0,0,0,0,0,0,3.41,0,0,0,0,1.14,2.27,4.55,0,0,2.27,2.27,0,0,0,4.55,2.27,5.68,0,0,0,0,0,22.73,9.09,5.68,0,0,1.14,6.82,0
126-Attend.txt,1,16,43.4,75.49,1.63,20.23,16,12.5,93.75,81.25,75,12.5,6.25,0,0,6.25,0,0,6.25,12.5,6.25,0,25,25,0,6.25,6.25,31.25,0,0,0,0,0,0,25,0,25,0,6.25,18.75,0,12.5,6.25,0,0,0,0,0,0,0,0,0,0,0,12.5,0,0,0,0,0,0,12.5,0,0,0,0,0,0,0,0,6.25,0,0,6.25,0,0,0,0,0,0,0,0,0,0,0,0,0,0,0,0,0,0,0,0,0,18.75,0,0,18.75,0,0,0,0,6.25,6.25,0,0,0,0,0,0,12.5,6.25,6.25,0,0,0,0,0
127-Attend.txt,1,47,67.32,91.15,42.1,20.23,23.5,44.68,85.11,57.45,44.68,10.64,6.38,0,0,6.38,0,0,4.26,8.51,2.13,0,14.89,8.51,2.13,6.38,0,12.77,6.38,4.26,2.13,0,0,2.13,12.77,0,12.77,8.51,2.13,0,2.13,0,2.13,0,0,0,0,0,0,0,0,0,0,0,10.64,4.26,0,0,0,0,4.26,6.38,0,0,0,0,2.13,0,0,2.13,12.77,2.13,0,10.64,0,0,0,0,0,0,0,0,0,0,0,0,0,0,0,0,0,0,0,0,2.13,8.51,0,0,6.38,2.13,0,0,0,2.13,8.51,0,0,0,0,0,0,23.4,4.26,19.15,0,0,0,0,0
128-Attend.txt,1,15,22.17,99,1,97.84,7.5,46.67,80,53.33,53.33,6.67,6.67,0,0,6.67,0,0,0,13.33,6.67,0,6.67,20,6.67,6.67,0,20,0,0,0,0,0,0,13.33,0,13.33,0,0,6.67,0,0,0,0,6.67,6.67,0,6.67,6.67,0,0,0,0,0,13.33,0,0,0,0,0,0,13.33,0,0,0,0,0,0,0,0,0,0,0,0,0,0,0,0,0,0,0,0,0,0,0,6.67,0,0,0,0,0,6.67,6.67,0,0,6.67,6.67,0,0,0,0,0,0,0,13.33,6.67,0,0,0,0,0,40,6.67,26.67,0,6.67,0,0,0
129-Attend.txt,1,23,89.52,40.06,4.38,99,23,39.13,82.61,52.17,47.83,0,0,0,0,0,0,0,0,8.7,8.7,0,17.39,13.04,0,13.04,0,13.04,4.35,0,8.7,4.35,0,4.35,4.35,0,4.35,0,4.35,0,0,0,0,0,8.7,8.7,0,0,0,0,0,0,0,0,4.35,4.35,4.35,0,0,0,0,0,0,0,0,0,0,0,0,0,21.74,0,4.35,21.74,0,0,0,0,0,0,0,0,0,0,0,0,0,0,0,0,0,0,0,0,0,8.7,0,0,8.7,0,0,0,0,0,4.35,4.35,0,0,0,0,0,4.35,4.35,0,0,0,0,0,0
13-Attend.txt,1,56,35.59,91.33,15.38,47.3,14,16.07,85.71,71.43,64.29,17.86,10.71,1.79,1.79,7.14,0,0,7.14,10.71,3.57,1.79,17.86,16.07,3.57,3.57,1.79,21.43,3.57,3.57,3.57,1.79,1.79,0,10.71,0,10.71,1.79,1.79,1.79,3.57,1.79,3.57,0,1.79,1.79,0,0,0,0,0,0,0,0,10.71,1.79,0,0,0,0,1.79,8.93,0,0,0,0,0,0,0,0,7.14,0,0,7.14,0,0,0,0,0,0,0,0,0,0,0,0,0,0,0,0,0,0,0,0,1.79,8.93,0,0,7.14,1.79,0,0,0,0,5.36,7.14,0,0,0,0,0,12.5,7.14,0,0,0,1.79,3.57,0
130-Attend.txt,1,15,22.17,99,1,97.84,7.5,46.67,80,53.33,53.33,6.67,6.67,0,0,6.67,0,0,0,13.33,6.67,0,6.67,20,6.67,6.67,0,20,0,0,0,0,0,0,13.33,0,13.33,0,0,6.67,0,0,0,0,6.67,6.67,0,6.67,6.67,0,0,0,0,0,13.33,0,0,0,0,0,0,13.33,0,0,0,0,0,0,0,0,0,0,0,0,0,0,0,0,0,0,0,0,0,0,0,6.67,0,0,0,0,0,6.67,6.67,0,0,6.67,6.67,0,0,0,0,0,0,0,13.33,6.67,0,0,0,0,0,40,6.67,26.67,0,6.67,0,0,0
132-Attend.txt,1,98,76.24,52.23,59.08,51.68,24.5,27.55,84.69,66.33,57.14,12.24,4.08,0,3.06,1.02,0,0,8.16,16.33,8.16,2.04,19.39,8.16,2.04,11.22,1.02,13.27,5.1,1.02,7.14,4.08,1.02,2.04,10.2,1.02,9.18,1.02,1.02,0,3.06,0,5.1,0,2.04,2.04,0,0,0,0,0,0,0,0,8.16,4.08,2.04,1.02,0,0,1.02,4.08,0,0,0,0,0,0,0,0,7.14,0,0,7.14,0,0,3.06,3.06,2.04,0,0,0,0,0,0,0,0,2.04,0,0,0,0,0,0,2.04,10.2,0,2.04,10.2,0,0,0,1.02,0,4.08,3.06,0,0,0,0,0,12.24,4.08,6.12,0,0,0,2.04,0
133-Attend.txt,1,62,74.04,11.07,86.48,20.23,12.4,20.97,83.87,66.13,50,4.84,1.61,0,1.61,0,0,0,3.23,11.29,8.06,3.23,14.52,12.9,1.61,6.45,4.84,22.58,3.23,3.23,1.61,1.61,0,0,9.68,4.84,4.84,0,0,0,0,0,4.84,0,0,0,0,0,0,0,0,0,0,0,4.84,3.23,0,0,0,0,1.61,1.61,0,0,0,0,0,0,0,0,8.06,0,0,8.06,0,0,3.23,0,0,0,0,0,0,0,0,1.61,0,3.23,0,1.61,0,0,0,0,6.45,11.29,0,1.61,11.29,0,0,0,6.45,3.23,3.23,4.84,1.61,0,1.61,0,0,12.9,6.45,1.61,1.61,0,0,3.23,0
134-Attend.txt,1,41,89.52,98.98,14.11,98.92,13.67,43.9,80.49,60.98,48.78,12.2,7.32,0,0,4.88,0,2.44,4.88,14.63,4.88,0,19.51,4.88,2.44,4.88,0,14.63,2.44,2.44,7.32,4.88,2.44,0,9.76,0,9.76,7.32,2.44,0,0,0,0,0,7.32,7.32,0,0,0,0,0,0,0,0,14.63,2.44,2.44,0,0,0,0,12.2,0,0,0,0,0,0,0,0,4.88,0,0,4.88,0,0,2.44,0,0,0,0,0,0,0,0,0,0,0,0,0,0,2.44,0,0,2.44,7.32,0,2.44,2.44,0,0,2.44,0,0,2.44,2.44,0,0,0,0,0,9.76,7.32,2.44,0,0,0,0,0
135-Attend.txt,1,85,29.85,47.03,96.65,56.99,21.25,23.53,90.59,70.59,54.12,11.76,9.41,1.18,1.18,7.06,0,0,2.35,7.06,2.35,2.35,12.94,10.59,3.53,7.06,5.88,21.18,4.71,1.18,3.53,1.18,1.18,1.18,22.35,1.18,21.18,5.88,1.18,0,9.41,0,11.76,0,2.35,2.35,0,1.18,1.18,0,0,0,0,0,15.29,3.53,2.35,1.18,0,0,1.18,11.76,0,0,0,0,1.18,0,0,1.18,11.76,0,0,11.76,0,0,2.35,2.35,2.35,0,0,0,0,0,0,1.18,0,0,0,1.18,0,0,1.18,0,5.88,7.06,0,2.35,4.71,0,0,1.18,2.35,3.53,2.35,4.71,0,0,0,0,0,18.82,4.71,4.71,0,0,0,9.41,0
137-Attend.txt,1,152,44.4,79.9,52.19,13.22,16.89,18.42,89.47,69.74,55.92,12.5,10.53,1.32,0.66,8.55,0,0,1.97,7.89,4.61,0,14.47,10.53,3.95,7.89,2.63,19.74,5.26,3.29,5.92,1.32,3.95,1.32,17.76,0,17.76,3.29,3.29,2.63,4.61,0,7.89,0,1.97,0.66,1.32,1.32,0,0.66,0,0,0,0,16.45,4.61,0.66,0.66,0,0.66,0,9.87,0,0,0,0,0,0,0,0,8.55,0,0,7.89,0.66,0,1.32,1.32,1.32,0,0,0,0,0,0,3.29,0,0.66,0.66,0.66,0,0.66,0,1.32,7.24,8.55,0.66,0.66,7.24,0.66,0,0,0.66,1.32,4.61,3.95,0,0,0,0,0,15.13,6.58,3.95,0,0,0.66,3.95,0
138-Attend.txt,1,61,65.02,49.82,18.18,71.67,20.33,22.95,86.89,57.38,45.9,1.64,1.64,0,0,1.64,0,0,0,6.56,0,3.28,16.39,6.56,6.56,11.48,1.64,13.11,4.92,6.56,3.28,0,3.28,0,13.11,4.92,8.2,1.64,3.28,0,3.28,0,1.64,0,3.28,3.28,0,0,0,0,0,0,0,0,11.48,6.56,0,0,0,0,4.92,3.28,0,0,0,0,0,0,0,0,18.03,0,0,18.03,0,0,0,0,0,0,0,0,0,0,0,0,0,1.64,0,1.64,0,3.28,0,0,4.92,6.56,0,1.64,4.92,0,0,0,3.28,4.92,4.92,3.28,0,0,0,0,0,14.75,4.92,3.28,0,0,0,6.56,0
14-Attend.txt,1,453,82.58,58.46,46.66,20.23,30.2,20.53,83.44,66.23,51.88,8.61,5.3,0,0,4.86,0,0,3.31,17.88,9.49,2.87,13.69,8.17,2.65,6.84,1.1,13.69,5.52,7.51,1.99,0,1.1,0.88,14.35,0.44,13.47,0.88,3.97,0,4.42,0,7.06,0,0.44,0.22,0.22,0,0,0,0,0,0,0,12.36,5.52,0.22,0.22,0,2.65,0.22,6.4,0,0,0,0,0,0,0,0,6.4,0,0.22,5.96,0.44,0,0,0,0,0,0,0,0,0,0,0.22,0,1.99,1.1,0.44,0,0,0.22,0,3.97,4.19,0,0.88,3.09,0.22,0,0,5.74,2.43,2.87,3.09,0,0,0,0,0,9.93,3.75,3.09,0,0,0,3.09,0
140-Attend.txt,1,119,85.64,35.26,15.84,20.23,23.8,33.61,82.35,56.3,45.38,1.68,1.68,0,0,1.68,0,0,0,9.24,5.88,0.84,16.81,10.08,2.52,10.08,0.84,17.65,3.36,3.36,2.52,0,1.68,0.84,21.01,4.2,16.81,0.84,5.88,3.36,3.36,2.52,5.88,0,1.68,0.84,0.84,0,0,0,0,0,0,0,12.61,8.4,0,0,0.84,1.68,5.04,4.2,0,0,0,0,0.84,0,0,0.84,15.13,0,0,15.13,0,0,0,0,0,0,0,0,0,0,0,0.84,0,0,2.52,0.84,0,0,0,0,5.04,4.2,0,0,4.2,0,0,0,5.04,5.88,5.04,1.68,0,0,0,0,0,14.29,5.88,3.36,0,0,0,5.04,0
142-Attend.txt,1,54,44.1,13.82,39.59,20.23,18,29.63,81.48,62.96,55.56,3.7,0,0,0,0,0,0,3.7,12.96,3.7,0,12.96,14.81,5.56,7.41,3.7,20.37,1.85,3.7,0,0,0,0,16.67,7.41,9.26,1.85,1.85,0,3.7,0,3.7,0,0,0,0,0,0,0,0,0,0,0,5.56,3.7,0,0,0,0,3.7,1.85,0,0,0,0,0,0,0,0,14.81,0,0,14.81,0,0,0,0,0,0,0,0,0,0,0,0,0,0,0,0,0,0,0,0,1.85,9.26,0,0,7.41,1.85,0,0,3.7,1.85,9.26,5.56,0,0,0,0,0,7.41,5.56,1.85,0,0,0,0,0
143-Attend.txt,1,136,77.45,57.59,3.46,30.21,17,22.06,83.09,63.24,50,3.68,3.68,0,0,2.94,0,0.74,0,9.56,5.88,0,16.18,11.76,2.21,10.29,0.74,19.85,4.41,3.68,0.74,0,0,0.74,14.71,2.21,12.5,0,3.68,2.21,2.94,0,4.41,0,0.74,0.74,0,0,0,0,0,0,0,0,8.82,2.94,0.74,1.47,0,0,1.47,5.15,0,0,0,0,5.15,0,0,5.15,13.24,0,0,13.24,0,0,0,0,0,0,0,0,0,0,0,0,0,0.74,0.74,0,0,0,0,0,2.94,3.68,0,1.47,1.47,0.74,0,0,2.94,2.21,3.68,4.41,0,0,0,0,0,12.5,5.88,1.47,0,0,0,5.15,0
144-Attend.txt,1,138,84.99,31.94,85.35,12.62,23,25.36,92.03,64.49,50.72,2.9,2.17,0,0,0,0,1.45,0.72,14.49,8.7,1.45,14.49,9.42,3.62,9.42,0.72,17.39,2.17,4.35,0.72,0,0,0.72,18.84,1.45,17.39,2.9,2.17,3.62,2.9,1.45,5.8,0,0.72,0,0.72,0.72,0,0,0,0,0,0,9.42,4.35,0,0,0,1.45,1.45,5.07,0,0,0,0,0,0,0,0,13.04,0,0.72,12.32,0,0,0.72,0.72,0.72,0,0,0,0,0,0,0.72,0,0,1.45,0.72,0,0,0,0,4.35,9.42,0,2.9,7.25,0,0,0,8.7,5.07,4.35,1.45,0,0,0,0,0,13.04,6.52,2.17,0,0,0,4.35,0
145-Attend.txt,1,31,51.31,59.25,1,70.91,31,29.03,90.32,74.19,54.84,3.23,0,0,0,0,0,0,3.23,9.68,0,0,19.35,12.9,3.23,16.13,0,25.81,3.23,9.68,0,0,0,0,12.9,6.45,6.45,0,3.23,0,3.23,0,0,0,3.23,3.23,0,0,0,0,0,0,0,0,9.68,6.45,0,0,0,0,3.23,3.23,0,0,0,0,0,0,0,0,16.13,0,0,16.13,0,0,0,0,0,0,0,0,0,0,0,0,0,0,0,0,0,0,0,0,0,0,0,0,0,0,0,0,3.23,9.68,6.45,6.45,0,0,0,0,0,3.23,3.23,0,0,0,0,0,0
146-Attend.txt,1,83,87.78,68.22,2.45,37.57,13.83,22.89,84.34,67.47,49.4,2.41,2.41,0,0,2.41,0,0,0,9.64,4.82,0,16.87,12.05,0,8.43,0,24.1,4.82,7.23,0,0,0,0,12.05,4.82,7.23,0,3.61,1.2,1.2,0,1.2,0,1.2,1.2,0,0,0,0,0,0,0,0,8.43,4.82,1.2,1.2,0,0,2.41,3.61,0,0,0,0,3.61,0,0,3.61,12.05,0,0,12.05,0,0,0,0,0,0,0,0,0,0,0,0,0,2.41,0,0,0,0,0,0,3.61,6.02,0,2.41,3.61,0,0,0,1.2,4.82,3.61,4.82,0,0,0,0,0,8.43,7.23,1.2,0,0,0,0,0
147-Attend.txt,1,101,66.64,45.91,40.77,50.64,16.83,25.74,83.17,56.44,50.5,6.93,6.93,2.97,0.99,2.97,0,0,0,6.93,1.98,0.99,17.82,10.89,1.98,9.9,0.99,14.85,1.98,1.98,2.97,2.97,0,0,6.93,0.99,5.94,0,0.99,0,2.97,0,3.96,0,3.96,2.97,0.99,0.99,0,0,0,0,0,0,9.9,4.95,1.98,0,0,0.99,0.99,4.95,0,0,0,0,0,0,0,0,11.88,0,0,11.88,0,0,1.98,1.98,1.98,0,0,0,0,0,0,0.99,0,0,0.99,0,0,0,0,0,3.96,4.95,0,0.99,3.96,0.99,0,0,4.95,2.97,2.97,2.97,0,0,0,0,0,14.85,5.94,6.93,0,0,0,1.98,0
149-Attend.txt,1,124,81.29,44.84,58.85,44.38,20.67,39.52,85.48,56.45,49.19,6.45,4.03,1.61,0,2.42,0,0,2.42,15.32,6.45,0.81,14.52,7.26,5.65,5.65,0.81,8.06,4.84,6.45,2.42,0.81,0.81,1.61,16.13,1.61,14.52,5.65,1.61,0,7.26,0.81,3.23,0,3.23,2.42,0.81,0.81,0,0.81,0.81,0,0,0,12.1,8.06,0,0,0,0,4.84,4.03,0,0,0,0,0,0,0,0,9.68,0,0,9.68,0,0,0.81,0,0,0,0,0,0,0,0,1.61,0,0,0.81,0,0,0,0,0,0,5.65,0,0,5.65,0,0,0,3.23,0,7.26,1.61,0.81,0,0.81,0,0,13.71,4.84,5.65,0,0,0,3.23,0
15-Attend.txt,1,250,83.71,78.02,24.96,25.39,35.71,30,84.8,59.2,46.8,7.2,4.8,0,0,4.4,0,0.4,2.4,15.2,8.8,3.2,13.2,8.4,1.6,8,0.4,12.8,4.8,5.6,2,0,1.6,0.4,8,0.4,7.6,0.8,2.8,0.4,2.8,0,3.6,0,0.4,0.4,0,0,0,0,0,0,0,0,11.2,4.8,0.4,0,0,1.6,2,6.4,0,0,0,0,0,0,0,0,7.2,0.4,0,6.4,0.4,0,2.4,1.2,1.2,0,0,0,0,0,0.4,0.4,0,0.8,4.4,0,0,0.4,0,0,2.4,4.8,0,0.4,4.4,0,0,0,5.6,2,2.8,3.2,0,0,0,0,0,12.8,3.6,4,0,0,0,5.2,0
151-Attend.txt,1,8,5.64,99,1,99,8,62.5,87.5,37.5,37.5,12.5,12.5,0,0,12.5,0,0,0,12.5,0,0,0,12.5,0,12.5,0,12.5,0,0,0,0,0,0,0,0,0,0,0,0,0,0,0,0,12.5,12.5,0,12.5,12.5,0,0,0,0,0,25,0,0,0,0,0,0,25,0,0,0,0,0,0,0,0,0,0,0,0,0,0,0,0,0,0,0,0,0,0,0,0,0,0,0,0,0,12.5,12.5,0,0,12.5,12.5,0,0,0,0,0,0,0,12.5,12.5,0,0,0,0,0,50,12.5,37.5,0,0,0,0,0
152-Attend.txt,1,97,76.07,83.91,84.49,34.77,19.4,32.99,83.51,62.89,50.52,8.25,7.22,0,0,7.22,0,0,1.03,15.46,7.22,4.12,13.4,6.19,5.15,7.22,1.03,10.31,5.15,11.34,1.03,0,1.03,0,16.49,0,16.49,3.09,2.06,0,6.19,2.06,6.19,0,1.03,1.03,0,0,0,0,0,0,0,0,13.4,5.15,1.03,1.03,0,1.03,1.03,8.25,0,0,0,0,0,0,0,0,3.09,0,0,3.09,0,0,0,0,0,0,0,0,0,0,0,1.03,0,1.03,4.12,1.03,0,0,0,0,4.12,5.15,0,0,4.12,0,0,0,10.31,1.03,2.06,4.12,0,0,0,0,0,14.43,5.15,3.09,0,0,0,6.19,0
154-Attend.txt,1,92,89.52,76.75,67.7,53.96,23,32.61,82.61,57.61,45.65,6.52,6.52,0,3.26,3.26,0,0,0,8.7,3.26,4.35,18.48,7.61,0,7.61,0,13.04,4.35,5.43,4.35,3.26,0,1.09,15.22,2.17,13.04,1.09,3.26,2.17,4.35,0,6.52,0,2.17,2.17,0,0,0,0,0,0,0,0,14.13,6.52,0,0,0,0,1.09,6.52,0,0,0,0,0,0,0,0,9.78,0,1.09,8.7,0,0,6.52,4.35,4.35,0,0,0,0,0,0,1.09,0,1.09,0,0,0,0,1.09,1.09,2.17,11.96,0,0,11.96,0,0,0,3.26,1.09,2.17,3.26,0,0,0,0,0,16.3,4.35,6.52,0,0,0,5.43,0
156-Attend.txt,1,138,76,57.35,44.75,12.62,27.6,24.64,85.51,60.14,49.28,8.7,6.52,0,0,6.52,0,0,2.17,11.59,6.52,2.17,14.49,7.97,0,10.14,1.45,12.32,5.07,2.9,2.17,0,0.72,1.45,18.12,0,18.12,2.17,5.07,1.45,5.07,0,8.7,0,0.72,0,0.72,0,0,0,0,0,0,0,13.04,4.35,0,0,0,2.17,0,6.52,0,0,0,0,0,0,0,0,9.42,0,0.72,7.97,1.45,0,0,0,0,0,0,0,0,0,0,1.45,0,1.45,2.17,1.45,0,0,0.72,0,1.45,4.35,0,0,3.62,0.72,0,0,4.35,1.45,5.8,1.45,0,0,0,0,0,16.67,3.62,1.45,0,0,0.72,10.87,0
157-Attend.txt,1,524,93.32,87.04,11.98,15.92,22.78,33.59,82.25,54.58,45.23,7.06,4.96,0,0,4.77,0,0.19,2.1,12.98,6.87,3.44,17.18,7.63,0.95,4.2,0.95,11.83,2.86,3.44,1.91,0.38,0.76,0.76,9.54,0.19,9.35,1.34,3.44,1.15,1.53,0.76,2.29,0,0.76,0.19,0.57,0.19,0,0,0,0,0,0,12.98,5.34,0.57,0.57,0.19,1.53,1.72,7.63,0,0.57,0,0.57,0.38,0,0,0.38,6.11,0,0,5.92,0.19,0,2.29,2.29,1.53,0,0,0,0,0,0,1.15,0,0.95,3.82,0.57,0,0,0.19,0.19,2.1,4.96,0,0.57,4.2,0.57,0,0,4.39,2.67,1.72,3.44,0.57,0.57,0,0,0,13.55,5.15,1.91,0,0,0.19,6.3,0
158-Attend.txt,1,228,73.36,60.92,8.42,11.33,16.29,33.77,85.09,56.14,46.05,7.02,3.51,0,0,3.51,0,0,3.51,13.16,4.82,6.58,13.6,10.09,1.32,5.7,2.63,13.16,3.51,4.82,0.44,0,0,0.44,11.84,0.88,10.96,1.75,2.63,1.75,2.19,1.75,3.95,0,0.88,0,0.88,0.44,0,0,0,0,0,0,11.84,5.26,0,0,0.44,1.75,1.75,6.58,0,1.32,0,1.32,0,0,0,0,8.33,0,0,7.89,0.44,0,2.63,2.63,1.32,0,0,0,0,0,0,1.75,0,0.44,3.95,0.44,0,0,0,0,2.19,1.32,0,0,1.32,0,0,0,5.26,3.51,1.75,3.95,1.75,1.75,0,0,0,11.84,6.58,0.44,0,0,0.44,4.39,0
159-Attend.txt,1,82,85.79,74.77,51.25,20.23,16.4,23.17,89.02,65.85,50,6.1,4.88,0,0,4.88,0,0,1.22,10.98,8.54,0,15.85,9.76,2.44,8.54,0,19.51,4.88,4.88,0,0,0,0,13.41,1.22,12.2,0,6.1,1.22,2.44,0,3.66,0,0,0,0,0,0,0,0,0,0,0,12.2,4.88,0,0,0,1.22,3.66,4.88,0,0,0,0,0,0,0,0,10.98,0,0,10.98,0,0,1.22,1.22,0,0,0,0,0,0,0,2.44,0,0,2.44,0,0,0,1.22,0,2.44,7.32,0,2.44,4.88,0,0,0,8.54,6.1,3.66,2.44,0,0,0,0,0,12.2,7.32,1.22,0,0,0,3.66,0
16-Attend.txt,1,451,83.39,62.41,42.46,20.23,34.69,20.62,83.81,66.74,52.11,8.87,5.32,0,0,4.88,0,0,3.55,18.4,10.2,2.22,13.53,7.98,2.88,6.87,0.89,13.53,5.76,7.1,2,0,1.33,0.67,13.97,0.44,13.08,0.89,3.99,0,4.43,0,6.65,0,0.44,0.22,0.22,0,0,0,0,0,0,0,12.64,5.76,0.22,0.22,0,2.88,0.22,6.43,0,0,0,0,0,0,0,0,6.21,0,0.22,5.76,0.44,0,0,0,0,0,0,0,0,0,0,0.22,0,1.77,1.11,0.67,0,0,0.22,0,4.66,4.21,0,0.89,3.1,0.22,0,0,5.54,2.88,2.88,2.88,0,0,0,0,0,10.64,3.99,3.33,0,0,0,3.33,0
160-Attend.txt,1,169,83.81,19.07,43.07,20.23,24.14,27.81,89.35,63.31,52.07,4.73,2.37,0,0,1.18,1.18,0,2.37,14.79,10.65,0.59,14.2,11.83,2.37,6.51,2.96,18.93,4.14,3.55,0.59,0,0,0.59,18.93,0.59,18.34,1.18,4.14,1.78,3.55,0.59,7.69,0,2.37,1.18,1.18,1.18,0,0,0,0,0,0,11.83,5.92,1.18,0.59,0,2.37,1.18,5.33,0,0,0.59,0.59,0,0,0,0,8.28,0,1.18,7.69,0,0,2.96,2.96,1.18,0,0,0,0,0,0,1.18,0,0,2.96,1.18,0,0,0,0,1.78,8.88,1.18,0.59,6.51,0.59,0,0,4.14,5.92,4.14,2.37,0,0,0,0,0,11.83,4.14,2.96,0,0,0.59,4.14,0
162-Attend.txt,1,151,85.42,93.86,18.82,13.18,25.17,21.85,87.42,66.23,49.01,11.92,7.95,0,1.99,5.96,0,0,3.97,13.91,6.62,1.32,15.89,5.96,1.32,5.3,0.66,17.88,4.64,1.32,3.31,2.65,0.66,0,11.26,0,11.26,0.66,3.31,1.32,3.97,0,3.97,0,1.99,0.66,1.32,0.66,0,0,0,0,0,0,13.25,4.64,0,0,0,0,2.65,8.61,0,0,0,0,0.66,0,0,0.66,11.92,0,1.32,10.6,0,0,1.99,1.99,0.66,0,0,0,0,0,0,1.99,0,0.66,0,0,0,0,0.66,0,5.3,8.61,0,0,7.28,0.66,0,0.66,2.65,2.65,3.31,1.99,0.66,0,0.66,0,0,15.23,3.97,5.3,0,0,0.66,5.3,0
163-Attend.txt,1,133,91.45,98.27,3.72,20.23,26.6,24.06,85.71,63.91,48.12,11.28,8.27,0,2.26,6.02,0,0,3.01,15.04,7.52,0.75,16.54,5.26,1.5,4.51,0,15.79,5.26,0.75,3.76,3.01,0.75,0,9.77,0,9.77,0,3.76,1.5,3.01,0,2.26,0,3.01,1.5,1.5,0.75,0,0,0,0,0,0,15.04,5.26,0,0,0,0,3.01,9.77,0,0.75,0,0.75,0.75,0,0,0.75,12.78,0,0.75,12.03,0,0,2.26,2.26,0.75,0,0,0,0,0,0,2.26,0,0.75,0,0,0,0,0.75,0,3.76,7.52,0,0,6.77,0.75,0,0,0.75,3.01,3.01,2.26,0.75,0.75,0,0,0,15.04,3.76,5.26,0,0,0.75,5.26,0
164-Attend.txt,1,133,91.45,98.27,3.72,20.23,26.6,24.06,85.71,63.91,48.12,11.28,8.27,0,2.26,6.02,0,0,3.01,15.04,7.52,0.75,16.54,5.26,1.5,4.51,0,15.79,5.26,0.75,3.76,3.01,0.75,0,9.77,0,9.77,0,3.76,1.5,3.01,0,2.26,0,3.01,1.5,1.5,0.75,0,0,0,0,0,0,15.04,5.26,0,0,0,0,3.01,9.77,0,0.75,0,0.75,0.75,0,0,0.75,12.78,0,0.75,12.03,0,0,2.26,2.26,0.75,0,0,0,0,0,0,2.26,0,0.75,0,0,0,0,0.75,0,3.76,7.52,0,0,6.77,0.75,0,0,0.75,3.01,3.01,2.26,0.75,0.75,0,0,0,15.04,3.76,5.26,0,0,0.75,5.26,0
165-Attend.txt,1,24,97.04,64.67,1,20.23,24,41.67,83.33,54.17,37.5,0,0,0,0,0,0,0,0,16.67,12.5,0,8.33,8.33,0,4.17,0,25,0,4.17,0,0,0,0,4.17,4.17,0,0,0,0,0,0,0,0,0,0,0,0,0,0,0,0,0,0,8.33,4.17,0,0,0,0,4.17,4.17,0,0,0,0,0,0,0,0,20.83,0,0,20.83,0,0,0,0,0,0,0,0,0,0,0,0,0,0,0,0,0,0,0,0,4.17,4.17,4.17,0,0,4.17,0,0,4.17,4.17,4.17,4.17,0,0,0,0,0,0,0,0,0,0,0,0,0
167-Attend.txt,1,99,48.14,52.11,50.45,20.23,19.8,25.25,86.87,66.67,51.52,6.06,6.06,0,0,6.06,0,0,0,9.09,7.07,1.01,12.12,16.16,2.02,9.09,3.03,22.22,6.06,5.05,3.03,0,1.01,2.02,14.14,2.02,12.12,0,3.03,1.01,4.04,0,7.07,0,0,0,0,0,0,0,0,0,0,0,13.13,7.07,0,0,0,2.02,3.03,6.06,0,0,0,0,0,0,0,0,9.09,0,0,9.09,0,0,0,0,0,0,0,0,0,0,0,1.01,0,2.02,2.02,0,0,0,0,0,5.05,4.04,0,0,3.03,1.01,0,0,9.09,7.07,4.04,5.05,0,0,0,0,0,13.13,7.07,2.02,0,0,0,4.04,0
168-Attend.txt,1,37,21.37,96.25,20.17,20.23,12.33,18.92,83.78,62.16,51.35,10.81,10.81,0,0,10.81,0,0,0,5.41,2.7,0,8.11,13.51,2.7,10.81,0,18.92,5.41,2.7,5.41,0,5.41,0,18.92,2.7,16.22,0,5.41,0,8.11,0,8.11,0,0,0,0,0,0,0,0,0,0,0,13.51,2.7,0,0,0,2.7,0,10.81,0,0,0,0,0,0,0,0,10.81,0,0,10.81,0,0,0,0,0,0,0,0,0,0,0,0,0,0,2.7,0,0,0,0,0,8.11,2.7,0,0,2.7,0,0,0,2.7,0,5.41,5.41,0,0,0,0,0,37.84,13.51,13.51,0,0,0,10.81,0
17-Attend.txt,1,210,75.12,91.89,66.56,26.46,26.25,18.57,91.9,68.57,57.62,12.38,9.52,1.9,0,7.62,0,0,2.86,11.43,5.24,0.95,20.95,8.57,4.76,7.14,0.95,16.19,4.29,2.86,4.29,1.43,1.9,1.43,19.05,1.43,17.62,5.71,4.76,0.95,3.81,0.95,4.29,0.48,2.38,1.43,0.95,1.43,0.48,0.48,0,0,0,0,19.05,7.14,0.48,0,0,0,2.38,10.48,0,0.95,0,0,0.48,0,0,0.48,9.05,0,0,8.57,0.48,0,0.48,0.48,0.48,0,0,0,0,0,0,1.9,0,0.48,0.48,0.48,0,0.48,0,0.95,4.29,7.62,0.48,0.95,6.19,0.48,0,0,2.38,2.38,4.29,2.38,0,0,0,0,0,11.9,3.33,3.33,0.48,0,0,4.76,0
172-Attend.txt,1,69,97.83,24.56,65.33,20.23,17.25,28.99,76.81,55.07,49.28,2.9,1.45,1.45,0,0,0,0,1.45,8.7,8.7,0,21.74,10.14,1.45,5.8,0,11.59,4.35,0,1.45,0,0,1.45,8.7,0,8.7,4.35,0,0,4.35,0,4.35,0,0,0,0,0,0,0,0,0,0,0,7.25,4.35,0,0,0,0,4.35,2.9,0,0,0,0,0,0,0,0,5.8,0,0,5.8,0,0,0,0,0,0,0,0,0,0,0,0,0,0,0,0,0,0,0,0,1.45,2.9,0,0,2.9,0,0,0,7.25,1.45,4.35,2.9,0,0,0,0,0,8.7,5.8,1.45,0,0,0,1.45,0
173-Attend.txt,1,135,82.09,57.72,47.52,54.76,27,23.7,80,57.78,46.67,6.67,2.96,0,0.74,2.22,0,0,3.7,14.07,6.67,0,12.59,11.11,0,4.44,1.48,18.52,4.44,3.7,5.93,1.48,0.74,3.7,14.81,2.96,11.85,0,2.96,2.22,2.22,0,6.67,0,4.44,2.96,0.74,1.48,0,0.74,0,0,0.74,0,14.81,5.19,1.48,0.74,0,0,0.74,8.15,0,0,0,0,0,0,0,0,7.41,0,0,7.41,0,0,1.48,0,0,0,0,0,0,0,0,0,0.74,0,2.22,0,0,0.74,0,0,2.96,8.15,0,0,7.41,0.74,0,0,5.93,1.48,1.48,2.96,0.74,0.74,0,0,0,20,3.7,5.93,0,0,0,10.37,0
174-Attend.txt,1,116,85.53,82.05,37.6,20.23,23.2,19.83,87.07,71.55,60.34,6.9,6.03,0,0,6.03,0,0,0.86,12.93,8.62,2.59,19.83,14.66,2.59,5.17,1.72,22.41,4.31,2.59,0.86,0,0,0.86,13.79,0,13.79,4.31,2.59,0.86,5.17,0,4.31,0,0,0,0,0,0,0,0,0,0,0,9.48,0.86,0,0,0,0,0,7.76,0,0,0,0,0,0,0,0,6.03,0,0,6.03,0,0,0.86,0,0,0,0,0.86,0,0,0,3.45,0,0,2.59,0,0,0,0,0,1.72,6.03,0,0,5.17,0.86,0,0,3.45,2.59,1.72,8.62,0,0,0,0,0,12.93,5.17,4.31,0,0,0,3.45,0
176-Attend.txt,1,40,96.56,26.5,28.56,20.23,13.33,35,80,47.5,42.5,5,2.5,2.5,0,0,0,0,2.5,12.5,5,2.5,20,5,2.5,5,0,7.5,0,10,0,0,0,0,7.5,0,5,0,0,0,0,0,5,0,0,0,0,0,0,0,0,0,0,0,17.5,12.5,5,5,0,0,5,5,0,0,0,0,2.5,0,0,2.5,7.5,0,0,7.5,0,0,0,0,0,0,0,0,0,0,0,5,0,2.5,2.5,2.5,0,0,0,0,2.5,2.5,0,0,2.5,0,0,0,5,2.5,5,5,0,0,0,0,0,20,7.5,2.5,0,0,0,10,0
177-Attend.txt,1,158,25.33,83.84,56.26,28.7,26.33,22.78,89.24,67.72,60.76,13.29,11.39,2.53,0,8.86,0,0,1.9,12.03,4.43,1.27,14.56,12.66,5.7,11.39,1.27,17.09,3.8,1.9,3.8,0,3.16,0.63,17.09,0,17.09,1.9,3.8,0.63,4.43,0.63,6.96,0,0.63,0.63,0,0,0,0,0,0,0,0,15.19,3.16,0.63,0.63,0,0.63,1.9,10.13,0,0,0,0,0.63,0,0,0.63,7.59,0,0,7.59,0,0,1.27,0.63,0,0,0,0,0,0,0,1.9,0,0,0,0,0,0,0.63,0.63,3.16,2.53,0,0,2.53,0,0,0,5.7,1.9,3.8,3.8,0,0,0,0,0,11.39,3.8,2.53,0,0,0,5.06,0
178-Attend.txt,1,176,62.1,95.68,87.4,27.77,19.56,28.98,81.25,60.23,46.02,9.66,8.52,0,1.14,6.25,0,0.57,1.14,11.36,6.25,0.57,10.23,5.68,3.41,9.66,0.57,13.07,3.98,1.7,2.27,1.7,0,0.57,9.09,0,9.09,1.14,0,1.7,5.11,0,5.11,0,0.57,0.57,0,0,0,0,0,0,0,0,14.77,3.41,2.27,2.27,0,0,0.57,11.36,0,0,0,0,0.57,0,0,0.57,7.39,0,1.14,5.68,0.57,0,0.57,0,0,0,0,0,0,0.57,0,2.27,0,1.14,0,0.57,0,0,0.57,0,3.41,14.2,0.57,4.55,8.52,0.57,1.14,0,6.82,1.14,2.27,2.27,0,0,0,0,0,16.48,7.95,6.82,0,0,0,1.7,0
179-Attend.txt,1,26,41.98,62.84,30.98,99,13,46.15,88.46,65.38,53.85,3.85,3.85,0,0,3.85,0,0,0,11.54,3.85,0,15.38,11.54,7.69,11.54,3.85,15.38,7.69,3.85,7.69,3.85,0,3.85,19.23,7.69,11.54,3.85,3.85,0,0,0,3.85,0,7.69,7.69,0,0,0,0,0,0,0,0,11.54,3.85,3.85,0,0,0,0,7.69,0,0,0,0,0,0,0,0,15.38,0,0,15.38,0,0,0,0,0,0,0,0,0,0,0,3.85,0,0,0,0,0,0,0,0,3.85,11.54,0,0,7.69,3.85,0,0,0,3.85,11.54,0,0,0,0,0,0,19.23,3.85,15.38,0,0,0,0,0
181-Attend.txt,1,29,28.28,40.06,1,20.23,14.5,24.14,89.66,68.97,55.17,6.9,3.45,0,0,0,0,3.45,3.45,10.34,3.45,0,13.79,20.69,3.45,6.9,3.45,31.03,0,3.45,0,0,0,0,17.24,0,17.24,0,3.45,6.9,0,6.9,6.9,0,0,0,0,0,0,0,0,0,0,0,10.34,0,0,0,0,0,0,10.34,0,0,0,0,0,0,0,0,17.24,0,0,13.79,3.45,0,0,0,0,0,0,0,0,0,0,0,0,10.34,0,0,0,0,0,0,3.45,0,0,0,0,0,0,0,0,6.9,0,6.9,0,0,0,0,0,10.34,6.9,3.45,0,0,0,0,0
182-Attend.txt,1,86,67.79,99,11.94,98.39,21.5,24.42,84.88,65.12,51.16,11.63,8.14,0,4.65,2.33,0,1.16,3.49,17.44,5.81,0,13.95,5.81,4.65,8.14,0,11.63,6.98,2.33,12.79,8.14,3.49,1.16,5.81,1.16,4.65,2.33,0,0,0,0,1.16,0,9.3,8.14,1.16,0,0,0,0,0,0,0,16.28,4.65,3.49,0,0,0,1.16,11.63,0,0,0,0,3.49,0,0,3.49,11.63,0,0,11.63,0,0,1.16,0,0,0,0,0,0,0,0,0,0,1.16,0,0,0,0,0,0,9.3,4.65,0,0,4.65,0,0,0,3.49,2.33,0,4.65,0,0,0,0,0,11.63,4.65,4.65,0,0,0,2.33,0
183-Attend.txt,1,86,67.79,99,11.94,98.39,21.5,24.42,84.88,65.12,51.16,11.63,8.14,0,4.65,2.33,0,1.16,3.49,17.44,5.81,0,13.95,5.81,4.65,8.14,0,11.63,6.98,2.33,12.79,8.14,3.49,1.16,5.81,1.16,4.65,2.33,0,0,0,0,1.16,0,9.3,8.14,1.16,0,0,0,0,0,0,0,16.28,4.65,3.49,0,0,0,1.16,11.63,0,0,0,0,3.49,0,0,3.49,11.63,0,0,11.63,0,0,1.16,0,0,0,0,0,0,0,0,0,0,1.16,0,0,0,0,0,0,9.3,4.65,0,0,4.65,0,0,0,3.49,2.33,0,4.65,0,0,0,0,0,11.63,4.65,4.65,0,0,0,2.33,0
184-Attend.txt,1,12,10.19,99,1,99,6,50,83.33,50,50,8.33,8.33,0,0,8.33,0,0,0,16.67,8.33,0,0,25,0,8.33,0,25,0,0,0,0,0,0,8.33,0,8.33,0,0,8.33,0,0,0,0,8.33,8.33,0,8.33,8.33,0,0,0,0,0,16.67,0,0,0,0,0,0,16.67,0,0,0,0,0,0,0,0,0,0,0,0,0,0,0,0,0,0,0,0,0,0,0,8.33,0,0,0,0,0,8.33,8.33,0,0,8.33,8.33,0,0,0,0,0,0,0,16.67,8.33,0,0,0,0,0,41.67,16.67,25,0,0,0,0,0
186-Attend.txt,1,82,78.62,68.54,9.75,8.75,11.71,24.39,85.37,57.32,50,9.76,6.1,0,0,4.88,0,0,3.66,13.41,7.32,2.44,13.41,10.98,0,2.44,3.66,17.07,2.44,1.22,2.44,0,2.44,0,13.41,0,13.41,0,7.32,0,1.22,0,3.66,0,1.22,0,1.22,1.22,0,0,0,0,0,0,15.85,7.32,2.44,1.22,0,2.44,2.44,7.32,0,0,0,0,0,0,0,0,8.54,0,0,8.54,0,0,3.66,2.44,1.22,0,0,0,0,0,1.22,1.22,0,1.22,6.1,1.22,0,0,0,0,2.44,4.88,0,0,4.88,0,0,0,2.44,1.22,3.66,2.44,0,0,0,0,0,19.51,8.54,7.32,0,0,1.22,2.44,0
187-Attend.txt,1,62,98.21,92.62,47.26,20.23,15.5,30.65,83.87,54.84,48.39,4.84,4.84,0,0,4.84,0,0,0,14.52,9.68,3.23,19.35,6.45,1.61,4.84,0,8.06,4.84,4.84,1.61,1.61,0,0,11.29,0,9.68,1.61,6.45,0,1.61,0,3.23,0,0,0,0,0,0,0,0,0,0,0,12.9,1.61,0,0,0,1.61,0,9.68,0,0,0,0,0,0,0,0,14.52,0,0,14.52,0,0,0,0,0,0,0,0,0,0,0,1.61,0,0,4.84,0,0,0,0,0,0,8.06,0,1.61,8.06,0,0,0,3.23,0,4.84,1.61,0,0,0,0,0,8.06,6.45,1.61,0,0,0,0,0
188-Attend.txt,1,100,78.84,96.81,9.83,50.98,16.67,31,86,61,49,11,7,0,2,0,0,5,4,11,6,0,18,6,6,7,0,13,4,0,4,2,2,0,5,0,5,2,1,1,2,0,1,0,2,2,0,0,0,0,0,0,0,0,19,6,0,0,0,0,4,13,0,0,0,0,1,0,0,1,17,0,1,17,0,0,0,0,0,0,0,0,0,0,0,0,0,1,0,0,0,0,0,0,5,8,2,1,5,0,0,0,3,2,3,3,1,1,0,0,0,17,6,5,0,0,0,6,0
189-Attend.txt,1,107,85.16,95.7,10.52,48.73,17.83,31.78,85.98,60.75,48.6,10.28,6.54,0,1.87,0,0,4.67,3.74,11.21,6.54,0.93,18.69,5.61,5.61,6.54,0,12.15,4.67,0,3.74,1.87,1.87,0,4.67,0,4.67,1.87,0.93,0.93,1.87,0,0.93,0,1.87,1.87,0,0,0,0,0,0,0,0,17.76,5.61,0,0,0,0,3.74,12.15,0,0,0,0,0.93,0,0,0.93,15.89,0,0.93,15.89,0,0,0.93,0.93,0.93,0,0,0,0,0,0,0,0,0.93,0,0,0,0,0,0.93,4.67,8.41,2.8,0.93,4.67,0,0,0,3.74,1.87,2.8,2.8,0.93,0.93,0,0,0,17.76,5.61,5.61,0,0,0,6.54,0
19-Attend.txt,1,81,81.08,89.16,4.29,2.93,13.5,25.93,85.19,61.73,53.09,11.11,7.41,0,0,6.17,0,0,3.7,16.05,8.64,2.47,13.58,11.11,0,3.7,1.23,16.05,3.7,4.94,1.23,0,1.23,0,12.35,1.23,11.11,0,3.7,1.23,2.47,0,3.7,0,2.47,0,2.47,1.23,0,0,0,0,0,0,11.11,1.23,0,0,0,1.23,0,8.64,0,0,0,0,0,0,0,0,8.64,0,0,8.64,0,0,2.47,1.23,1.23,0,0,0,0,0,1.23,2.47,0,1.23,4.94,2.47,0,0,0,0,1.23,6.17,0,1.23,4.94,0,0,0,0,1.23,2.47,2.47,0,0,0,0,0,14.81,7.41,3.7,0,0,0,3.7,0
190-Attend.txt,1,34,98.34,57.59,12.44,20.23,17,14.71,97.06,70.59,55.88,5.88,0,0,0,0,0,0,5.88,14.71,8.82,0,23.53,8.82,0,5.88,0,17.65,5.88,0,2.94,0,2.94,0,17.65,0,17.65,0,8.82,0,8.82,0,5.88,0,0,0,0,0,0,0,0,0,0,0,11.76,2.94,0,0,0,0,0,8.82,0,0,0,0,0,0,0,0,17.65,0,0,17.65,0,0,0,0,0,0,0,0,0,0,0,0,0,0,2.94,0,0,0,0,0,5.88,5.88,0,0,5.88,0,0,0,0,2.94,8.82,2.94,0,0,0,0,0,8.82,5.88,2.94,0,0,0,0,0
191-Attend.txt,1,34,98.34,57.59,12.44,20.23,17,14.71,97.06,70.59,55.88,5.88,0,0,0,0,0,0,5.88,14.71,8.82,0,23.53,8.82,0,5.88,0,17.65,5.88,0,2.94,0,2.94,0,17.65,0,17.65,0,8.82,0,8.82,0,5.88,0,0,0,0,0,0,0,0,0,0,0,11.76,2.94,0,0,0,0,0,8.82,0,0,0,0,0,0,0,0,17.65,0,0,17.65,0,0,0,0,0,0,0,0,0,0,0,0,0,0,2.94,0,0,0,0,0,5.88,5.88,0,0,5.88,0,0,0,0,2.94,8.82,2.94,0,0,0,0,0,8.82,5.88,2.94,0,0,0,0,0
193-Attend.txt,1,32,89.52,58.66,99,1.56,16,31.25,90.63,56.25,43.75,6.25,3.13,0,0,3.13,0,0,3.13,9.38,3.13,3.13,18.75,6.25,6.25,3.13,0,9.38,9.38,6.25,3.13,0,0,3.13,9.38,3.13,6.25,3.13,0,0,0,0,3.13,0,3.13,0,3.13,0,0,0,0,0,0,0,6.25,3.13,0,0,0,0,3.13,3.13,0,0,0,0,0,0,0,0,12.5,0,0,12.5,0,0,0,0,0,0,0,0,0,0,0,0,0,0,0,3.13,0,0,0,0,3.13,12.5,0,6.25,12.5,0,0,0,6.25,0,12.5,3.13,0,0,0,0,0,12.5,6.25,3.13,0,0,0,3.13,0
194-Attend.txt,1,86,83.93,46.94,36.92,56.53,17.2,37.21,89.53,58.14,50,8.14,2.33,0,0,0,0,1.16,5.81,18.6,10.47,2.33,13.95,6.98,3.49,6.98,2.33,10.47,2.33,3.49,4.65,0,2.33,2.33,9.3,0,9.3,1.16,1.16,0,2.33,0,5.81,0,2.33,2.33,0,0,0,0,0,0,0,0,9.3,0,0,0,0,0,0,9.3,0,0,0,0,0,0,0,0,17.44,0,0,17.44,0,0,0,0,0,0,0,0,0,0,0,1.16,0,0,2.33,2.33,0,0,0,0,1.16,8.14,3.49,2.33,2.33,0,0,0,4.65,0,5.81,0,0,0,0,0,0,10.47,6.98,2.33,0,0,0,1.16,0
195-Attend.txt,1,22,71.44,86.82,5.07,86.79,11,27.27,95.45,63.64,54.55,13.64,4.55,0,0,4.55,0,0,9.09,18.18,9.09,0,13.64,9.09,4.55,4.55,0,18.18,4.55,4.55,0,0,0,0,9.09,0,9.09,4.55,0,0,4.55,0,4.55,0,4.55,4.55,0,0,0,0,0,0,0,0,18.18,9.09,4.55,9.09,0,0,0,9.09,0,0,0,0,0,0,0,0,9.09,0,0,9.09,0,0,0,0,0,0,0,0,0,0,0,4.55,0,0,4.55,4.55,0,0,0,0,4.55,0,0,0,0,0,0,0,0,0,4.55,4.55,0,0,0,0,0,13.64,9.09,4.55,0,0,0,0,0
2-Attend.txt,1,110,94.5,76.03,63.35,32.87,13.75,25.45,88.18,63.64,50,6.36,3.64,0,0,3.64,0,0,2.73,17.27,10,1.82,16.36,7.27,0.91,7.27,0,14.55,5.45,5.45,0.91,0,0.91,0,10.91,2.73,8.18,3.64,2.73,0.91,0,0,0.91,0,0.91,0.91,0,0,0,0,0,0,0,0,7.27,3.64,0.91,0.91,0,0,2.73,3.64,0,0,0,0,0,0,0,0,14.55,0,0,14.55,0,0,0,0,0,0,0,0,0,0,0,0,0,0.91,0,0,0,0,0.91,0,3.64,9.09,0,2.73,7.27,0,0,0,6.36,0.91,4.55,0.91,0,0,0,0,0,8.18,7.27,0,0,0,0,0.91,0
200-Attend.txt,1,108,91.86,45.54,46.17,20.23,15.43,30.56,85.19,56.48,47.22,0.93,0.93,0,0,0.93,0,0,0,11.11,7.41,0.93,15.74,11.11,0.93,7.41,0.93,14.81,3.7,6.48,3.7,0,3.7,0,12.96,2.78,10.19,0.93,1.85,1.85,1.85,0,5.56,0,0,0,0,0,0,0,0,0,0,0,7.41,0.93,0.93,0.93,0,0,0,6.48,0,0,0,0,0,0,0,0,18.52,0.93,0,16.67,0.93,0,0,0,0,0,0,0,0,0,0,0,0,0,1.85,0.93,0,0,0,0,1.85,8.33,0,0,8.33,0,0,0,4.63,0,3.7,6.48,0,0,0,0,0,12.04,7.41,3.7,0,0,0,0.93,0
203-Attend.txt,1,37,21.37,96.25,20.17,20.23,12.33,18.92,83.78,62.16,51.35,10.81,10.81,0,0,10.81,0,0,0,5.41,2.7,0,8.11,13.51,2.7,10.81,0,18.92,5.41,2.7,5.41,0,5.41,0,18.92,2.7,16.22,0,5.41,0,8.11,0,8.11,0,0,0,0,0,0,0,0,0,0,0,13.51,2.7,0,0,0,2.7,0,10.81,0,0,0,0,0,0,0,0,10.81,0,0,10.81,0,0,0,0,0,0,0,0,0,0,0,0,0,0,2.7,0,0,0,0,0,8.11,2.7,0,0,2.7,0,0,0,2.7,0,5.41,5.41,0,0,0,0,0,37.84,13.51,13.51,0,0,0,10.81,0
205-Attend.txt,1,35,12.97,92.91,1,99,11.67,34.29,91.43,71.43,57.14,8.57,5.71,0,0,5.71,0,0,2.86,5.71,0,0,11.43,17.14,5.71,11.43,0,25.71,5.71,2.86,5.71,2.86,0,2.86,17.14,2.86,14.29,0,5.71,5.71,2.86,0,2.86,0,8.57,8.57,0,0,0,0,0,0,0,0,14.29,5.71,2.86,0,0,0,0,8.57,0,0,0,0,0,0,0,0,17.14,0,0,17.14,0,0,0,0,0,0,0,0,0,0,0,2.86,2.86,0,2.86,0,0,0,0,0,2.86,2.86,0,0,2.86,0,0,0,0,2.86,5.71,2.86,0,0,0,0,0,8.57,8.57,0,0,0,0,0,0
21-Attend.txt,1,17,64.21,12.77,12.44,95.42,8.5,29.41,76.47,58.82,47.06,0,0,0,0,0,0,0,0,0,0,0,17.65,17.65,0,11.76,0,23.53,5.88,0,0,0,0,0,11.76,0,11.76,0,5.88,0,5.88,0,5.88,0,5.88,5.88,0,0,0,0,0,0,0,0,5.88,5.88,0,0,0,0,0,0,0,0,0,0,0,0,0,0,11.76,0,0,11.76,0,0,0,0,0,0,0,0,0,0,0,0,0,0,0,0,0,0,0,0,0,5.88,0,0,5.88,0,0,0,0,5.88,5.88,5.88,0,0,0,0,0,5.88,5.88,0,0,0,0,0,0
212-Attend.txt,1,45,59.67,40.06,63.35,54.76,22.5,31.11,88.89,64.44,53.33,15.56,11.11,4.44,4.44,2.22,0,0,4.44,15.56,6.67,2.22,13.33,4.44,4.44,6.67,2.22,11.11,2.22,4.44,4.44,4.44,0,0,13.33,2.22,11.11,0,2.22,0,2.22,0,6.67,0,2.22,2.22,0,0,0,0,0,0,0,0,8.89,2.22,0,0,0,0,0,6.67,0,0,0,0,0,0,0,0,11.11,0,0,11.11,0,0,0,0,0,0,0,0,0,0,0,0,0,2.22,0,0,0,0,0,0,4.44,8.89,4.44,2.22,4.44,0,0,0,2.22,2.22,2.22,2.22,0,0,0,0,0,15.56,4.44,4.44,0,0,0,6.67,0
213-Attend.txt,1,67,82.03,24.15,1.44,7.03,16.75,38.81,82.09,50.75,41.79,0,0,0,0,0,0,0,0,8.96,2.99,1.49,13.43,11.94,1.49,7.46,0,14.93,4.48,5.97,0,0,0,0,7.46,1.49,5.97,0,1.49,0,2.99,0,2.99,0,1.49,0,1.49,1.49,0,0,0,0,0,0,2.99,2.99,0,0,0,1.49,0,0,0,0,0,0,0,0,0,0,14.93,0,0,14.93,0,0,2.99,2.99,1.49,0,0,0,0,0,0,1.49,0,0,2.99,0,0,0,0,0,2.99,0,0,0,0,0,0,0,2.99,4.48,1.49,5.97,0,0,0,0,0,19.4,5.97,10.45,0,0,0,2.99,0
22-Attend.txt,1,178,50.81,24.98,78.52,55.18,17.8,28.65,89.89,65.17,53.93,14.04,8.43,5.06,0.56,1.69,0,1.12,5.62,15.17,5.06,3.37,14.04,11.24,2.25,6.18,1.69,15.17,7.3,3.37,3.37,1.69,1.12,0.56,13.48,0.56,12.92,4.49,0.56,0.56,3.93,1.69,3.93,0,4.49,3.37,1.12,1.12,0,0.56,0,0,0,0,14.61,8.43,1.69,0.56,0,0,5.06,5.62,0,0,0,0,0,0,0,0,10.67,0,0,10.67,0,0,1.12,1.12,1.12,0,0,0,0,0,0,0.56,0,0.56,1.12,0.56,0,0.56,0.56,0,3.93,4.49,0,1.69,2.81,0,0,0,5.06,0.56,4.49,4.49,2.81,2.81,0,0,0,12.36,5.06,3.93,0.56,0,1.12,1.69,0
222-Attend.txt,1,108,79.79,51.1,10.18,33.13,15.43,22.22,86.11,65.74,50.93,4.63,4.63,0.93,0,3.7,0,0,0,9.26,4.63,0,17.59,11.11,1.85,9.26,0.93,20.37,4.63,4.63,0,0,0,0,14.81,2.78,12.04,0,2.78,1.85,2.78,0,4.63,0,0.93,0.93,0,0,0,0,0,0,0,0,9.26,3.7,0.93,1.85,0,0,1.85,4.63,0,0,0,0,4.63,0,0,4.63,12.04,0,0,12.04,0,0,0,0,0,0,0,0,0,0,0,0,0,0.93,0.93,0,0,0,0,0,3.7,4.63,0,1.85,1.85,0.93,0,0,3.7,2.78,3.7,5.56,0,0,0,0,0,13.89,6.48,1.85,0,0,0,5.56,0
223-Attend.txt,1,36,58.02,72.07,3.81,2.17,18,36.11,83.33,44.44,38.89,0,0,0,0,0,0,0,0,2.78,0,0,11.11,19.44,0,5.56,0,22.22,2.78,2.78,0,0,0,0,19.44,2.78,16.67,8.33,8.33,0,0,0,0,0,2.78,0,2.78,2.78,0,0,0,0,0,0,13.89,8.33,0,0,0,2.78,2.78,5.56,0,0,0,0,0,0,0,0,13.89,0,0,13.89,0,0,2.78,2.78,2.78,0,0,0,0,0,0,0,0,0,2.78,0,0,0,0,0,2.78,0,0,0,0,0,0,0,0,2.78,0,11.11,0,0,0,0,0,25,11.11,8.33,0,0,0,5.56,0
225-Attend.txt,1,44,92.32,66.75,34.4,20.23,14.67,36.36,86.36,47.73,45.45,9.09,6.82,0,0,6.82,0,0,2.27,25,4.55,22.73,15.91,0,2.27,2.27,4.55,2.27,6.82,9.09,2.27,0,0,2.27,15.91,2.27,13.64,0,6.82,0,0,0,4.55,0,0,0,0,0,0,0,0,0,0,0,9.09,2.27,0,0,0,2.27,0,6.82,0,0,0,0,0,0,0,0,2.27,0,0,2.27,0,0,2.27,2.27,0,0,0,0,0,0,0,0,0,0,6.82,0,0,0,0,0,2.27,9.09,0,4.55,4.55,0,0,0,2.27,0,0,0,0,0,0,0,0,36.36,11.36,4.55,0,0,2.27,18.18,0
227-Attend.txt,1,75,16.64,32.56,99,39.67,18.75,21.33,93.33,76,64,20,14.67,5.33,0,9.33,0,0,5.33,14.67,4,1.33,12,9.33,2.67,9.33,4,18.67,4,4,0,0,0,0,24,1.33,22.67,4,2.67,2.67,8,0,12,0,1.33,1.33,0,0,0,0,0,0,0,0,17.33,4,0,0,0,0,2.67,10.67,0,1.33,0,0,1.33,0,0,1.33,10.67,0,0,10.67,0,0,0,0,0,0,0,0,0,0,0,1.33,0,1.33,0,0,0,0,0,0,4,12,0,2.67,10.67,1.33,0,0,0,2.67,4,2.67,0,0,0,0,0,10.67,4,2.67,0,0,0,4,0
228-Attend.txt,1,33,45.12,12.22,86.68,67.94,16.5,33.33,87.88,57.58,42.42,6.06,6.06,3.03,0,3.03,0,0,0,3.03,3.03,0,9.09,12.12,0,12.12,0,21.21,6.06,0,0,0,0,0,18.18,0,18.18,3.03,0,3.03,12.12,0,9.09,0,3.03,3.03,0,0,0,0,0,0,0,0,12.12,6.06,3.03,3.03,0,3.03,0,3.03,0,0,0,0,3.03,3.03,0,0,12.12,3.03,0,6.06,0,3.03,3.03,3.03,0,0,0,0,0,0,0,6.06,0,0,0,0,0,0,0,0,3.03,6.06,0,0,6.06,0,0,0,6.06,0,3.03,6.06,0,0,0,0,0,12.12,6.06,3.03,0,0,0,3.03,0
229-Attend.txt,1,105,54.01,88.15,30.03,20.23,15,30.48,90.48,62.86,56.19,10.48,8.57,0.95,0.95,6.67,0,0,1.9,13.33,2.86,0.95,16.19,13.33,1.9,6.67,1.9,16.19,3.81,6.67,1.9,0.95,0,0.95,15.24,1.9,13.33,0.95,4.76,1.9,3.81,0,6.67,0,0,0,0,0,0,0,0,0,0,0,15.24,2.86,0.95,0.95,0,0,0.95,11.43,0,0,0,0,0,0,0,0,13.33,0,0,12.38,0.95,0,0,0,0,0,0,0,0,0,0,0.95,0,0.95,0.95,0,0,0,0,0,0,8.57,1.9,0.95,5.71,0,0,0,1.9,2.86,6.67,3.81,0,0,0,0,0,10.48,6.67,2.86,0,0,0,0.95,0
23-Attend.txt,1,250,83.71,78.02,24.96,25.39,27.78,30,84.8,59.2,46.8,7.2,4.8,0,0,4.4,0,0.4,2.4,15.2,8.8,3.2,13.2,8.4,1.6,8,0.4,12.8,4.8,5.6,2,0,1.6,0.4,8,0.4,7.6,0.8,2.8,0.4,2.8,0,3.6,0,0.4,0.4,0,0,0,0,0,0,0,0,11.2,4.8,0.4,0,0,1.6,2,6.4,0,0,0,0,0,0,0,0,7.2,0.4,0,6.4,0.4,0,2.4,1.2,1.2,0,0,0,0,0,0.4,0.4,0,0.8,4.4,0,0,0.4,0,0,2.4,4.8,0,0.4,4.4,0,0,0,5.6,2,2.8,3.2,0,0,0,0,0,12.4,3.6,4,0,0,0,4.8,0
230-Attend.txt,1,64,10.91,40.06,96.5,43.51,21.33,14.06,95.31,73.44,62.5,23.44,20.31,10.94,0,9.38,0,0,3.13,10.94,1.56,0,14.06,10.94,1.56,10.94,1.56,20.31,0,1.56,1.56,0,0,1.56,15.63,1.56,14.06,3.13,0,1.56,6.25,0,9.38,0,1.56,1.56,0,1.56,1.56,0,0,0,0,0,15.63,3.13,0,0,0,0,1.56,12.5,0,0,0,0,3.13,0,0,3.13,9.38,0,0,7.81,1.56,0,0,0,0,0,0,0,0,0,0,0,1.56,1.56,0,0,0,0,0,0,3.13,7.81,1.56,1.56,3.13,0,0,0,1.56,0,3.13,9.38,0,0,0,0,0,10.94,3.13,6.25,0,0,1.56,0,0
231-Attend.txt,1,49,86.45,28.8,24.32,4.4,24.5,36.73,89.8,61.22,44.9,4.08,0,0,0,0,0,0,4.08,16.33,8.16,2.04,12.24,8.16,2.04,6.12,2.04,16.33,6.12,6.12,0,0,0,0,10.2,0,10.2,0,2.04,0,2.04,0,4.08,0,2.04,0,2.04,0,0,0,0,0,0,0,6.12,2.04,0,0,0,0,2.04,4.08,0,0,0,0,0,0,0,0,14.29,0,0,14.29,0,0,0,0,0,0,0,0,0,0,0,0,0,0,4.08,2.04,0,0,2.04,0,0,8.16,2.04,0,6.12,0,0,0,4.08,4.08,0,6.12,0,0,0,0,0,8.16,4.08,4.08,0,0,0,0,0
233-Attend.txt,1,83,45.44,26.95,66.6,57.93,16.6,33.73,80.72,65.06,51.81,7.23,3.61,0,0,3.61,0,0,3.61,6.02,2.41,0,15.66,10.84,3.61,10.84,3.61,16.87,6.02,3.61,0,0,0,0,14.46,2.41,12.05,1.2,2.41,0,2.41,0,6.02,0,4.82,3.61,1.2,0,0,0,0,0,0,0,6.02,2.41,0,0,0,0,2.41,3.61,0,0,0,0,0,0,0,0,9.64,0,0,9.64,0,0,0,0,0,0,0,0,0,0,0,0,0,0,0,1.2,0,0,0,0,2.41,10.84,1.2,2.41,9.64,1.2,0,0,1.2,2.41,6.02,4.82,0,0,0,0,0,10.84,6.02,3.61,0,0,0,1.2,0
236-Attend.txt,1,79,35.33,32.92,56.26,78.69,15.8,29.11,87.34,60.76,50.63,16.46,8.86,2.53,0,6.33,0,0,7.59,13.92,2.53,0,10.13,7.59,1.27,5.06,3.8,11.39,3.8,5.06,3.8,1.27,1.27,1.27,18.99,2.53,16.46,1.27,3.8,0,5.06,0,8.86,0,3.8,3.8,0,0,0,0,0,0,0,0,17.72,7.59,1.27,2.53,0,0,3.8,7.59,0,0,0,0,1.27,0,0,1.27,13.92,0,0,13.92,0,0,0,0,0,0,0,0,0,0,0,0,0,0,0,0,0,0,0,0,3.8,2.53,1.27,1.27,1.27,0,0,0,3.8,1.27,5.06,1.27,0,0,0,0,0,17.72,6.33,10.13,0,0,0,1.27,0
237-Attend.txt,1,22,89.52,17.46,20.79,1,22,59.09,86.36,36.36,22.73,0,0,0,0,0,0,0,0,4.55,0,0,9.09,4.55,0,4.55,0,4.55,13.64,4.55,4.55,0,0,4.55,22.73,4.55,18.18,4.55,4.55,0,4.55,0,9.09,0,4.55,0,4.55,4.55,0,0,0,0,0,0,13.64,9.09,0,0,0,0,9.09,4.55,0,0,0,0,0,0,0,0,27.27,0,0,27.27,0,0,4.55,4.55,4.55,0,0,0,0,0,0,4.55,0,0,0,0,0,0,0,0,4.55,0,0,0,0,0,0,0,0,0,4.55,0,0,0,0,0,0,45.45,18.18,13.64,0,0,0,13.64,0
238-Attend.txt,1,83,63.39,84.59,25.3,20.23,13.83,30.12,91.57,65.06,56.63,7.23,6.02,0,0,6.02,0,0,1.2,12.05,2.41,1.2,18.07,15.66,1.2,6.02,2.41,19.28,3.61,7.23,1.2,0,0,1.2,14.46,2.41,12.05,1.2,4.82,1.2,2.41,0,6.02,0,0,0,0,0,0,0,0,0,0,0,12.05,1.2,0,0,0,0,0,10.84,0,0,0,0,0,0,0,0,14.46,0,0,13.25,1.2,0,0,0,0,0,0,0,0,0,0,1.2,0,1.2,1.2,0,0,0,0,0,0,10.84,2.41,1.2,7.23,0,0,0,0,3.61,7.23,4.82,0,0,0,0,0,10.84,7.23,2.41,0,0,0,1.2,0
239-Attend.txt,1,141,34.02,65.16,57.41,53.17,15.67,18.44,91.49,74.47,54.61,12.77,9.22,2.13,0,5.67,0,0.71,3.55,9.93,3.55,0.71,12.77,12.77,2.84,7.8,2.13,24.82,6.38,4.26,2.13,0.71,1.42,0,15.6,1.42,14.18,1.42,1.42,1.42,5.67,0,7.8,0,2.13,2.13,0,0,0,0,0,0,0,0,14.89,2.84,1.42,0.71,0,0,0.71,10.64,0,0.71,0,0,0,0,0,0,11.35,0,0.71,9.93,0.71,0,0,0,0,0,0,0,0,0,0,0.71,0,2.13,0,0.71,0,0,0,0,4.96,7.09,0.71,2.13,3.55,0.71,0,0,3.55,3.55,2.84,4.96,0,0,0,0,0,13.48,6.38,4.96,0,0,0,2.13,0
24-Attend.txt,1,518,79.29,66.19,37.8,17.96,24.67,21.43,83.59,65.06,51.74,8.88,6.18,0,0,5.21,0.58,0,2.7,17.37,9.07,2.51,13.51,8.11,2.32,7.53,1.54,12.93,5.21,7.72,3.47,0.39,1.74,1.35,14.48,0.39,13.71,0.97,3.47,0.39,4.25,0.19,7.14,0,0.58,0.19,0.39,0,0,0,0,0,0,0,12.74,4.63,0.19,0.39,0,1.93,0.39,7.92,0,0,0.19,0.39,0,0,0,0,6.76,0,0,5.98,0.77,0,0,0,0,0,0,0,0,0,0,0.19,0.19,1.16,1.54,0.39,0,0,0.58,0,3.67,4.05,0.19,0.77,2.9,0.19,0,0,5.6,1.74,2.32,3.09,0,0,0,0,0,11,4.63,3.09,0,0,0.19,3.09,0
240-Attend.txt,1,32,70.71,87.7,1,20.23,8,28.13,78.13,53.13,46.88,6.25,3.13,0,0,3.13,0,0,3.13,6.25,3.13,3.13,15.63,18.75,0,3.13,0,18.75,3.13,3.13,0,0,0,0,6.25,0,6.25,0,0,6.25,0,6.25,0,0,0,0,0,0,0,0,0,0,0,0,6.25,0,0,0,0,0,0,6.25,0,0,0,0,0,0,0,0,18.75,0,0,12.5,6.25,0,0,0,0,0,0,0,0,0,0,0,0,3.13,0,0,0,0,0,0,0,3.13,0,0,3.13,0,0,0,3.13,0,0,6.25,0,0,0,0,0,18.75,12.5,0,0,0,0,6.25,0
241-Attend.txt,1,185,42.89,49.71,20.17,20.23,23.13,16.76,91.35,67.57,57.84,11.89,9.73,2.7,0,6.49,0,0,2.16,13.51,8.11,0,11.35,10.81,2.7,9.19,3.78,16.22,3.78,2.16,1.62,0.54,1.08,0,20.54,0.54,20,1.08,5.41,2.16,7.57,0,8.11,0,1.08,0.54,0.54,0,0,0,0,0,0,0,20.54,10.27,1.08,0.54,0,2.7,3.24,9.73,0,0.54,0,0,0.54,0,0,0.54,9.73,0.54,0,8.11,1.08,0,2.16,2.16,0,0,0,0,0,0,0,0,0,1.08,1.08,0,0,0.54,0,0,3.24,1.08,0,0,1.08,0,0,0,2.7,3.78,2.7,4.86,0,0,0,0,0,18.92,5.41,3.78,0,0,2.7,7.03,0
242-Attend.txt,1,60,87.06,84.23,19.26,90.5,12,21.67,91.67,61.67,53.33,6.67,5,0,0,5,0,0,1.67,13.33,10,0,16.67,8.33,1.67,10,1.67,15,5,0,1.67,0,0,1.67,10,0,10,0,1.67,1.67,3.33,0,6.67,0,5,5,0,0,0,0,0,0,0,0,23.33,11.67,5,5,0,0,5,11.67,0,1.67,0,0,3.33,0,0,3.33,18.33,1.67,0,16.67,0,0,0,0,0,0,0,0,0,0,0,1.67,0,3.33,0,0,0,0,0,0,6.67,5,0,1.67,3.33,0,0,0,3.33,0,3.33,0,0,0,0,0,0,11.67,8.33,3.33,0,0,0,0,0
243-Attend.txt,1,38,60.19,25.84,52.19,20.23,12.67,18.42,92.11,65.79,52.63,5.26,2.63,0,0,0,0,2.63,2.63,18.42,7.89,7.89,13.16,15.79,0,13.16,0,21.05,2.63,15.79,0,0,0,0,15.79,0,10.53,0,0,0,5.26,0,10.53,0,0,0,0,0,0,0,0,0,0,0,7.89,0,0,0,0,0,0,7.89,0,0,0,0,0,0,0,0,13.16,0,0,13.16,0,0,0,0,0,0,0,0,0,0,0,0,0,2.63,5.26,0,0,0,0,0,0,0,0,0,0,0,0,0,7.89,2.63,7.89,5.26,0,0,0,0,0,15.79,7.89,5.26,0,0,0,2.63,0
244-Attend.txt,1,70,91.36,40.06,7.03,84.26,17.5,30,82.86,68.57,55.71,2.86,2.86,0,0,2.86,0,0,0,15.71,12.86,0,15.71,12.86,2.86,7.14,1.43,18.57,7.14,10,4.29,2.86,0,1.43,11.43,1.43,10,1.43,1.43,0,5.71,0,4.29,0,4.29,4.29,0,0,0,0,0,0,0,0,5.71,2.86,2.86,0,0,0,0,2.86,0,0,0,0,0,0,0,0,8.57,0,0,8.57,0,0,0,0,0,0,0,0,0,0,0,0,0,0,1.43,0,0,0,0,0,0,2.86,1.43,0,1.43,0,0,0,2.86,0,4.29,4.29,0,0,0,0,0,15.71,5.71,2.86,0,0,0,7.14,0
245-Attend.txt,1,98,53.8,87.11,37.24,68.42,19.6,28.57,86.73,67.35,58.16,12.24,8.16,0,1.02,7.14,0,0,4.08,15.31,6.12,1.02,14.29,12.24,2.04,5.1,4.08,15.31,6.12,4.08,2.04,1.02,1.02,0,13.27,2.04,11.22,3.06,1.02,1.02,2.04,0,5.1,0,3.06,3.06,0,0,0,0,0,0,0,0,14.29,3.06,0,0,0,0,0,10.2,0,1.02,0,0,0,0,0,0,14.29,1.02,0,13.27,0,0,0,0,0,0,0,0,0,0,0,1.02,0,1.02,0,0,0,0,0,0,2.04,5.1,0,0,5.1,0,0,0,4.08,2.04,6.12,4.08,0,0,0,0,0,12.24,5.1,6.12,0,0,0,1.02,0
246-Attend.txt,1,203,72.01,73.86,47.2,74.09,20.3,27.09,85.71,61.58,51.23,6.9,4.43,0,0.99,3.45,0,0,2.46,14.29,8.37,1.97,12.81,10.84,3.94,5.42,2.96,15.27,6.4,1.97,2.46,0.99,1.48,0,13.3,1.48,11.82,2.96,1.48,0.49,1.97,0,4.93,0,3.45,3.45,0,0.99,0.99,0,0,0,0,0,11.82,1.97,0,0,0,0.49,0,9.36,0,0.49,0,0,0,0,0,0,13.3,0.49,0,12.81,0,0,0,0,0,0,0,0,0,0,0,0.49,0,1.48,0,0,0,0.49,0,0,2.96,7.88,0,0,7.39,0.49,0,0,2.96,1.97,4.43,4.93,0,0,0,0,0,21.67,6.9,8.37,0,0,0.49,5.91,0
247-Attend.txt,1,220,41.06,56.33,16.38,11.07,22,26.36,87.73,64.55,54.55,12.73,8.64,1.82,0,6.36,0,0,4.09,13.18,6.36,1.36,11.36,9.55,5,7.27,2.73,14.09,3.64,4.09,1.36,0,1.36,0,16.82,0.91,15.91,0.91,2.73,1.82,5.45,0.91,7.73,0,0.91,0,0.91,0,0,0,0,0,0,0,17.73,7.27,0.45,0.45,0,1.36,3.64,8.64,0,0.45,0,0,1.36,0,0,1.36,10.45,0.45,0,9.09,0.91,0,1.36,0.91,0,0,0,0,0,0,0,0,0,1.36,1.82,0,0,0.45,0,0,1.82,2.27,0.91,0.45,0.91,0,0,0,2.73,2.73,4.09,3.64,0,0,0,0,0,18.18,6.36,5.45,0,0,0.45,5.91,0
248-Attend.txt,1,100,86.52,45.97,22.74,50.98,16.67,34,89,61,46,3,2,0,1,0,0,0,1,11,6,3,16,11,2,6,2,19,8,4,2,1,0,1,14,1,12,3,4,1,2,0,3,0,2,2,0,0,0,0,0,0,0,0,12,6,0,1,0,1,3,5,0,0,0,0,0,0,0,0,12,0,0,12,0,0,0,0,0,0,0,0,0,0,0,0,0,1,4,0,0,0,0,1,4,5,0,0,4,0,0,0,5,2,1,5,0,0,0,0,0,13,6,4,0,0,0,3,0
249-Attend.txt,1,63,91.54,67.92,5.94,20.23,21,34.92,85.71,50.79,41.27,1.59,1.59,0,0,0,0,0,0,9.52,6.35,4.76,14.29,7.94,1.59,7.94,0,11.11,6.35,4.76,1.59,1.59,0,0,7.94,0,6.35,0,1.59,1.59,1.59,0,1.59,0,0,0,0,0,0,0,0,0,0,0,9.52,1.59,0,0,0,0,1.59,6.35,0,0,0,0,0,0,0,0,17.46,0,0,17.46,0,0,0,0,0,0,0,0,0,0,0,1.59,0,0,3.17,0,0,0,0,0,0,3.17,0,0,3.17,0,0,0,6.35,0,1.59,4.76,0,0,0,0,0,9.52,4.76,3.17,0,0,0,1.59,0
25-Attend.txt,1,527,80.7,65.77,35.88,18,25.1,20.87,83.11,64.9,52.56,8.73,5.88,0,0,5.31,0.19,0,2.85,17.27,9.11,2.47,14.42,7.78,2.85,7.97,1.33,12.14,5.31,7.21,3.8,0.38,1.9,1.52,14.61,0.57,13.66,0.95,3.8,0.38,4.17,0.19,7.02,0,0.57,0.19,0.38,0,0,0,0,0,0,0,12.52,4.93,0.19,0.38,0,2.09,0.38,7.4,0,0,0,0.19,0,0,0,0,6.64,0,0,6.07,0.57,0,0.19,0,0,0,0,0,0,0,0,0.19,0.19,0.95,1.71,0.57,0,0.19,0.57,0,3.8,4.17,0.19,0.57,3.23,0.19,0,0,4.93,1.71,2.28,2.85,0,0,0,0,0,11.2,4.17,2.85,0,0,0.19,3.98,0
250-Attend.txt,1,110,85.29,40.06,31.44,47.86,18.33,33.64,89.09,59.09,44.55,3.64,1.82,0,0.91,0,0,0,1.82,10.91,5.45,2.73,15.45,10,2.73,5.45,1.82,19.09,6.36,3.64,2.73,0.91,0.91,0.91,15.45,0.91,13.64,3.64,3.64,0.91,3.64,0,3.64,0,1.82,1.82,0,0,0,0,0,0,0,0,10.91,5.45,0,0.91,0,0.91,2.73,4.55,0,0,0,0,0,0,0,0,12.73,0,0,12.73,0,0,1.82,1.82,1.82,0,0,0,0,0,0,0,0,0.91,3.64,0,0,0,0,0.91,4.55,6.36,0,0.91,3.64,0,0,0.91,4.55,1.82,0.91,5.45,0,0,0,0,0,11.82,6.36,3.64,0,0,0,1.82,0
251-Attend.txt,1,110,85.29,40.06,31.44,47.86,18.33,33.64,89.09,59.09,44.55,3.64,1.82,0,0.91,0,0,0,1.82,10.91,5.45,2.73,15.45,10,2.73,5.45,1.82,19.09,6.36,3.64,2.73,0.91,0.91,0.91,15.45,0.91,13.64,3.64,3.64,0.91,3.64,0,3.64,0,1.82,1.82,0,0,0,0,0,0,0,0,10.91,5.45,0,0.91,0,0.91,2.73,4.55,0,0,0,0,0,0,0,0,12.73,0,0,12.73,0,0,1.82,1.82,1.82,0,0,0,0,0,0,0,0,0.91,3.64,0,0,0,0,0.91,4.55,6.36,0,0.91,3.64,0,0,0.91,4.55,1.82,0.91,5.45,0,0,0,0,0,11.82,6.36,3.64,0,0,0,1.82,0
252-Attend.txt,1,46,92.22,85.5,1.81,20.23,15.33,26.09,84.78,60.87,52.17,8.7,6.52,0,0,6.52,0,0,2.17,19.57,13.04,4.35,13.04,6.52,2.17,4.35,2.17,10.87,4.35,4.35,4.35,0,0,4.35,13.04,0,13.04,4.35,4.35,2.17,2.17,0,4.35,0,0,0,0,0,0,0,0,0,0,0,15.22,6.52,2.17,2.17,0,2.17,2.17,8.7,0,0,0,0,0,0,0,0,4.35,0,0,4.35,0,0,0,0,0,0,0,0,0,0,0,0,0,0,6.52,4.35,0,0,0,0,2.17,0,0,0,0,0,0,0,0,2.17,2.17,0,0,0,0,0,0,17.39,6.52,2.17,0,0,0,8.7,0
253-Attend.txt,1,30,96.08,77.41,7.03,20.23,10,40,73.33,53.33,46.67,3.33,3.33,0,3.33,0,0,0,0,13.33,10,3.33,16.67,10,3.33,3.33,0,13.33,0,6.67,3.33,3.33,0,0,10,0,10,0,0,3.33,3.33,0,6.67,0,0,0,0,0,0,0,0,0,0,0,13.33,0,0,0,0,0,0,10,0,0,0,0,0,0,0,0,13.33,0,0,13.33,0,0,0,0,0,0,0,0,0,0,0,0,0,0,0,0,0,0,0,0,0,3.33,0,0,3.33,0,0,0,3.33,0,6.67,6.67,0,0,0,0,0,26.67,10,0,0,0,0,16.67,0
255-Attend.txt,1,124,94.07,26.9,30.58,20.23,12.4,25,87.1,60.48,54.03,4.03,0,0,0,0,0,0,4.03,20.97,12.1,6.45,16.13,13.71,0,4.84,1.61,19.35,0.81,3.23,2.42,0,0.81,1.61,11.29,1.61,9.68,0.81,4.84,0,4.03,0.81,3.23,0,0,0,0,0,0,0,0,0,0,0,6.45,4.03,0,0,0,0.81,0,2.42,0,0,0,0,0,0,0,0,11.29,0,0,11.29,0,0,0,0,0,0,0,0,0,0,0,0,0,0,4.03,0,0,0,0,0,3.23,7.26,0,0.81,4.84,1.61,0,0,5.65,1.61,4.84,5.65,0,0,0,0,0,25,7.26,3.23,0,0,0,14.52,0
256-Attend.txt,1,98,96.95,40.06,37.24,34.6,19.6,24.49,90.82,57.14,46.94,2.04,1.02,0,0,0,0,0,1.02,11.22,8.16,3.06,18.37,10.2,0,5.1,1.02,18.37,3.06,0,2.04,0,1.02,1.02,9.18,0,9.18,2.04,1.02,2.04,3.06,0,4.08,0,1.02,1.02,0,1.02,1.02,0,0,0,0,0,11.22,5.1,0,0,0,1.02,2.04,5.1,0,0,0,0,1.02,0,0,1.02,15.31,0,0,15.31,0,0,4.08,4.08,3.06,0,0,0,0,0,0,2.04,0,1.02,0,0,0,0,0,1.02,5.1,10.2,0,1.02,5.1,4.08,0,0,6.12,4.08,3.06,4.08,0,0,0,0,0,8.16,6.12,1.02,0,0,0,1.02,0
257-Attend.txt,1,13,74.95,40.06,1,20.23,13,38.46,76.92,61.54,46.15,0,0,0,0,0,0,0,0,7.69,0,0,15.38,23.08,0,0,0,30.77,7.69,0,0,0,0,0,0,0,0,0,0,0,0,0,0,0,0,0,0,0,0,0,0,0,0,0,7.69,7.69,0,0,0,0,0,0,0,0,0,0,0,0,0,0,7.69,0,0,7.69,0,0,0,0,0,0,0,0,0,0,0,0,0,0,0,0,0,0,0,0,0,0,0,0,0,0,0,0,0,7.69,7.69,15.38,0,0,0,0,0,15.38,15.38,0,0,0,0,0,0
258-Attend.txt,1,27,33.38,20.91,92.16,99,13.5,25.93,92.59,66.67,51.85,3.7,3.7,0,0,0,0,3.7,0,7.41,0,0,18.52,14.81,3.7,14.81,3.7,22.22,11.11,0,3.7,3.7,0,0,18.52,0,18.52,0,0,0,3.7,0,14.81,0,7.41,7.41,0,3.7,3.7,0,0,0,0,0,22.22,7.41,3.7,0,0,0,3.7,14.81,0,0,0,0,0,0,0,0,3.7,0,0,3.7,0,0,0,0,0,0,0,0,0,0,0,0,0,3.7,0,0,0,0,0,0,0,7.41,0,0,7.41,0,0,0,3.7,3.7,7.41,3.7,0,0,0,0,0,11.11,7.41,3.7,0,0,0,0,0
261-Attend.txt,1,13,53.56,98.04,1,20.23,13,23.08,92.31,69.23,53.85,7.69,7.69,0,0,7.69,0,0,0,7.69,0,0,15.38,15.38,0,7.69,0,30.77,0,7.69,0,0,0,0,7.69,7.69,0,0,0,0,0,0,0,0,0,0,0,0,0,0,0,0,0,0,7.69,0,0,0,0,0,0,7.69,0,0,0,0,0,0,0,0,7.69,0,0,7.69,0,0,0,0,0,0,0,0,0,0,0,7.69,0,0,0,0,0,0,0,0,0,0,0,0,0,0,0,0,0,0,15.38,7.69,0,0,0,0,0,7.69,7.69,0,0,0,0,0,0
262-Attend.txt,1,136,75.75,99,51.9,54.49,19.43,28.68,96.32,63.24,52.21,15.44,11.03,1.47,0,9.56,0,0,4.41,12.5,2.94,0,19.12,5.15,0.74,7.35,0.74,13.24,3.68,2.94,5.15,0,4.41,0.74,11.03,0,11.03,3.68,3.68,0,2.94,0,4.41,0,2.21,2.21,0,0,0,0,0,0,0,0,26.47,7.35,0,0,0,0,5.15,16.91,0,0,0,0,0,0,0,0,16.91,0,0,16.91,0,0,0.74,0.74,0.74,0,0,0,0,0,0,1.47,0,0.74,1.47,0,0,0,0,0,7.35,8.82,0,0.74,7.35,0,0,0,0.74,0.74,1.47,2.94,0,0,0,0,0,14.71,5.88,5.88,0,0,0,2.94,0
263-Attend.txt,1,106,83.39,20.62,23.57,20.23,15.14,33.96,88.68,55.66,44.34,1.89,1.89,0,0,1.89,0,0,0,14.15,5.66,2.83,13.21,10.38,0.94,6.6,2.83,16.98,4.72,4.72,2.83,0,0,2.83,17.92,1.89,16.04,0.94,5.66,2.83,1.89,0,6.6,0,1.89,0.94,0.94,0,0,0,0,0,0,0,7.55,3.77,0,0,0,1.89,0,3.77,0,0,0,0,0,0,0,0,8.49,0,0.94,7.55,0,0,2.83,2.83,0.94,0,0,0,0,0,0,3.77,0,0,6.6,0.94,0,0,0,0,3.77,4.72,0,0.94,3.77,0,0,0,4.72,1.89,3.77,3.77,0,0,0,0,0,14.15,8.49,2.83,0,0,0,2.83,0
264-Attend.txt,1,24,94.18,18.97,15.38,1,12,33.33,75,41.67,37.5,4.17,0,0,0,0,0,0,4.17,8.33,4.17,0,16.67,8.33,0,4.17,0,8.33,0,4.17,8.33,0,8.33,0,8.33,0,8.33,0,4.17,0,4.17,0,4.17,0,4.17,0,4.17,0,0,0,0,0,0,0,0,0,0,0,0,0,0,0,0,0,0,0,4.17,0,0,4.17,16.67,0,4.17,16.67,0,0,0,0,0,0,0,0,0,0,0,4.17,0,0,4.17,0,0,0,4.17,0,12.5,4.17,0,0,4.17,0,0,0,4.17,0,4.17,4.17,0,0,0,0,0,16.67,8.33,8.33,0,0,0,0,0
266-Attend.txt,1,41,89.52,54.61,2.54,58.42,13.67,24.39,90.24,63.41,53.66,2.44,0,0,0,0,0,0,2.44,19.51,7.32,4.88,17.07,14.63,0,4.88,2.44,14.63,4.88,9.76,2.44,0,0,2.44,7.32,2.44,4.88,0,4.88,0,0,0,0,0,2.44,2.44,0,0,0,0,0,0,0,0,9.76,4.88,0,0,0,2.44,0,4.88,0,0,0,0,0,0,0,0,14.63,0,0,14.63,0,0,0,0,0,0,0,0,0,0,0,2.44,0,0,2.44,0,0,0,0,0,4.88,2.44,0,0,2.44,0,0,0,4.88,0,2.44,7.32,0,0,0,0,0,14.63,7.32,2.44,0,0,0,4.88,0
267-Attend.txt,1,26,83.25,98.04,1,20.23,13,23.08,88.46,65.38,61.54,15.38,7.69,0,0,0,7.69,0,7.69,15.38,7.69,0,19.23,11.54,0,3.85,0,15.38,0,3.85,0,0,0,0,7.69,3.85,3.85,0,3.85,0,0,0,0,0,0,0,0,0,0,0,0,0,0,0,15.38,0,0,0,0,0,0,15.38,0,0,3.85,3.85,0,0,0,0,15.38,0,0,15.38,0,0,0,0,0,0,0,0,0,0,0,0,0,0,0,0,0,0,0,0,0,0,0,0,0,0,0,0,11.54,0,23.08,3.85,0,0,0,0,0,11.54,7.69,0,0,0,0,3.85,0
27-Attend.txt,1,255,53.84,90.03,40.99,25.28,21.25,23.92,88.63,63.92,54.51,12.16,10.2,1.18,0.39,8.24,0,0.39,1.96,14.12,7.84,1.18,12.16,8.63,3.14,10.2,1.18,13.73,5.1,1.96,3.14,1.57,0.78,1.18,14.9,0,14.9,3.14,1.96,2.35,5.88,0,6.27,0,3.53,1.96,1.57,1.57,0,0.39,0,0,0,0,16.47,4.31,1.96,1.18,0,0,0.39,10.2,0,0.39,0,0,0,0,0,0,10.98,0,0.39,10.59,0,0,1.57,1.57,1.18,0,0,0,0,0,0,1.18,0,1.18,0.39,0,0,0.39,0,0,3.14,4.71,0,0,4.31,0.39,0,0,4.31,0.39,3.53,4.71,0,0,0,0,0,12.55,3.92,5.1,0,0.39,0.39,2.75,0
274-Attend.txt,1,12,26.1,84.23,89.39,20.23,12,58.33,75,58.33,41.67,8.33,8.33,0,0,8.33,0,0,0,0,0,0,8.33,16.67,0,8.33,0,25,0,8.33,0,0,0,0,8.33,0,8.33,0,0,0,0,0,8.33,0,0,0,0,0,0,0,0,0,0,0,8.33,0,0,0,0,0,0,8.33,0,0,0,0,0,0,0,0,0,0,0,0,0,0,0,0,0,0,0,0,0,0,0,0,0,0,8.33,0,0,0,0,0,0,8.33,0,8.33,0,0,0,0,8.33,8.33,0,8.33,0,0,0,0,0,25,8.33,16.67,0,0,0,0,0
275-Attend.txt,1,78,80.69,93.13,30.98,79.29,26,19.23,92.31,65.38,53.85,8.97,7.69,0,0,6.41,0,1.28,1.28,11.54,3.85,1.28,23.08,6.41,2.56,14.1,0,12.82,6.41,2.56,5.13,2.56,2.56,0,19.23,0,19.23,2.56,2.56,2.56,7.69,0,7.69,0,3.85,3.85,0,1.28,1.28,0,0,0,0,0,25.64,10.26,5.13,1.28,0,1.28,1.28,12.82,0,0,0,0,0,0,0,0,8.97,0,0,8.97,0,0,0,0,0,0,0,0,0,0,0,2.56,0,0,1.28,0,0,0,0,0,5.13,6.41,0,0,6.41,0,0,0,1.28,1.28,2.56,2.56,0,0,0,0,0,11.54,3.85,7.69,0,0,0,0,0
276-Attend.txt,1,11,45.12,86.82,95.15,20.23,11,63.64,72.73,54.55,36.36,9.09,9.09,0,0,9.09,0,0,0,0,0,0,9.09,18.18,0,0,0,27.27,0,9.09,0,0,0,0,9.09,0,9.09,0,0,0,0,0,9.09,0,0,0,0,0,0,0,0,0,0,0,9.09,0,0,0,0,0,0,9.09,0,0,0,0,0,0,0,0,0,0,0,0,0,0,0,0,0,0,0,0,0,0,0,0,0,0,9.09,0,0,0,0,0,0,9.09,0,9.09,0,0,0,0,9.09,9.09,0,9.09,0,0,0,0,0,27.27,9.09,18.18,0,0,0,0,0
277-Attend.txt,1,61,69.49,49.82,92.94,71.67,15.25,22.95,93.44,72.13,55.74,4.92,3.28,0,0,3.28,0,0,1.64,13.11,6.56,0,16.39,11.48,6.56,8.2,1.64,19.67,3.28,4.92,0,0,0,0,18.03,0,18.03,3.28,3.28,0,6.56,1.64,4.92,0,3.28,3.28,0,0,0,0,0,0,0,0,8.2,3.28,0,0,0,0,3.28,4.92,0,0,0,0,0,0,0,0,9.84,0,0,9.84,0,0,0,0,0,0,0,0,0,0,0,0,0,0,1.64,0,0,0,0,0,4.92,13.11,1.64,1.64,11.48,0,0,0,4.92,3.28,3.28,6.56,0,0,0,0,0,14.75,4.92,4.92,0,1.64,0,3.28,0
28-Attend.txt,1,167,74.72,89.99,9.15,20.23,18.56,31.14,87.43,59.88,50.9,8.38,6.59,0,1.8,3.59,0,0.6,1.8,11.98,5.99,1.2,15.57,10.78,1.8,7.19,1.2,14.37,5.99,2.99,4.79,2.99,1.8,0.6,14.97,0.6,14.37,0,2.4,1.8,5.99,0,4.19,0,4.79,2.4,2.4,1.2,0,0,0,0,0,0,16.77,5.99,4.19,1.2,0,0.6,0.6,10.18,0,0,0,0,0.6,0,0,0.6,9.58,0,0,9.58,0.6,0,4.19,2.99,1.2,0,0,0,0,0,1.2,0.6,0,1.2,1.2,0,0,0,0,0,3.59,2.99,0,0.6,2.99,0,0,0,4.79,1.8,2.4,5.99,0,0,0,0,0,14.97,7.19,4.19,0,0.6,0,2.99,0
280-Attend.txt,1,102,83.1,24.36,21.25,20.23,14.57,35.29,89.22,55.88,44.12,1.96,1.96,0,0,1.96,0,0,0,13.73,4.9,2.94,13.73,10.78,0.98,5.88,2.94,17.65,4.9,4.9,1.96,0,0,1.96,17.65,1.96,15.69,0.98,5.88,2.94,0.98,0,5.88,0,1.96,0.98,0.98,0,0,0,0,0,0,0,7.84,3.92,0,0,0,1.96,0,3.92,0,0,0,0,0,0,0,0,8.82,0,0.98,7.84,0,0,2.94,2.94,0.98,0,0,0,0,0,0,3.92,0,0,6.86,0.98,0,0,0,0,3.92,4.9,0,0.98,3.92,0,0,0,4.9,1.96,3.92,3.92,0,0,0,0,0,14.71,8.82,2.94,0,0,0,2.94,0
281-Attend.txt,1,16,95.8,75.49,1.63,20.23,8,18.75,93.75,62.5,43.75,0,0,0,0,0,0,0,0,6.25,6.25,0,18.75,18.75,0,0,0,31.25,6.25,0,6.25,0,0,6.25,0,0,0,0,0,0,0,0,0,0,0,0,0,0,0,0,0,0,0,0,6.25,0,0,0,0,0,0,6.25,0,0,0,0,0,0,0,0,18.75,0,0,18.75,0,0,0,0,0,0,0,0,0,0,0,0,0,0,0,0,0,0,0,0,6.25,0,0,0,0,0,0,0,6.25,6.25,6.25,12.5,0,0,0,0,0,12.5,12.5,0,0,0,0,0,0
282-Attend.txt,1,102,66.92,24.36,53.68,20.23,17,30.39,84.31,56.86,47.06,3.92,0.98,0,0,0,0,0.98,2.94,7.84,1.96,0.98,16.67,10.78,4.9,7.84,1.96,14.71,6.86,3.92,0.98,0,0.98,0,10.78,0.98,9.8,0.98,1.96,0,0.98,0,4.9,0,1.96,0.98,0.98,0,0,0,0,0,0,0,6.86,2.94,0.98,0.98,0,0,0,3.92,0,0,0,0,0,0,0,0,14.71,0,0,14.71,0,0,0.98,0.98,0,0,0,0,0,0,0,1.96,0,0,0,0,0,0.98,0,0,0,4.9,0,0,4.9,0,0,0,7.84,3.92,4.9,3.92,0,0,0,0,0,13.73,4.9,7.84,0,0,0,0.98,0
284-Attend.txt,1,115,92.68,92.65,14.02,20.23,14.38,33.04,83.48,61.74,47.83,6.96,6.96,0,0.87,6.09,0,0,0,15.65,9.57,4.35,15.65,9.57,0.87,5.22,0,11.3,4.35,7.83,2.61,1.74,0,0.87,7.83,0,7.83,0.87,0.87,0,2.61,0,4.35,0,1.74,0.87,0.87,0.87,0,0,0,0,0,0,13.04,5.22,2.61,0.87,0,0,2.61,8.7,0,0,0,0,0,0,0,0,4.35,0,0,4.35,0,0,2.61,2.61,0.87,0,0,0,0,0,0,0.87,0,0.87,2.61,0,0,0,0,0,0,3.48,0,0,2.61,0.87,0,0,4.35,0.87,3.48,3.48,0,0,0,0,0,10.43,6.96,3.48,0,0,0,0,0
285-Attend.txt,1,51,69.58,96.5,60.65,20.23,17,37.25,88.24,52.94,45.1,9.8,3.92,0,0,3.92,0,0,5.88,13.73,5.88,1.96,11.76,7.84,3.92,5.88,0,11.76,1.96,3.92,5.88,0,5.88,0,11.76,3.92,7.84,3.92,1.96,0,0,0,1.96,0,0,0,0,0,0,0,0,0,0,0,15.69,3.92,0,0,0,0,1.96,11.76,0,0,0,0,0,0,0,0,13.73,0,0,13.73,0,0,0,0,0,0,0,0,0,0,0,5.88,0,0,0,0,0,0,0,0,3.92,11.76,0,1.96,9.8,0,0,0,1.96,0,5.88,1.96,0,0,0,0,0,15.69,5.88,7.84,0,0,0,1.96,0
286-Attend.txt,1,20,26.1,99,28.56,20.23,10,30,90,60,45,15,15,0,5,10,0,0,0,5,0,0,10,10,0,10,0,20,5,0,5,5,0,0,10,0,10,5,0,0,5,0,5,0,0,0,0,0,0,0,0,0,0,0,35,10,5,5,0,0,5,25,0,0,0,0,5,0,0,5,0,0,0,0,0,0,0,0,0,0,0,0,0,0,0,5,0,0,0,0,0,0,0,0,15,5,0,0,5,0,0,0,0,0,5,5,0,0,0,0,0,10,10,0,0,0,0,0,0
287-Attend.txt,1,45,27.51,96.04,63.35,20.23,15,13.33,88.89,73.33,62.22,15.56,11.11,0,2.22,8.89,0,0,4.44,4.44,0,0,22.22,13.33,2.22,11.11,4.44,20,4.44,2.22,8.89,2.22,6.67,0,8.89,0,8.89,0,0,2.22,4.44,0,6.67,0,4.44,2.22,2.22,2.22,0,2.22,0,0,0,0,15.56,2.22,2.22,2.22,0,0,0,13.33,0,0,0,0,0,0,0,0,6.67,0,0,6.67,0,0,2.22,2.22,2.22,0,0,0,0,0,0,2.22,0,0,0,0,0,0,0,0,8.89,15.56,2.22,2.22,13.33,0,0,0,0,0,8.89,4.44,0,0,0,0,0,13.33,6.67,4.44,0,0,2.22,0,0
288-Attend.txt,1,81,51.55,62.05,52.89,8.65,27,27.16,87.65,64.2,51.85,4.94,3.7,0,0,3.7,0,0,1.23,9.88,3.7,2.47,13.58,14.81,1.23,11.11,1.23,20.99,3.7,6.17,2.47,0,2.47,0,16.05,1.23,13.58,2.47,0,1.23,4.94,1.23,8.64,0,1.23,0,1.23,1.23,0,1.23,0,0,1.23,0,12.35,2.47,1.23,1.23,0,0,1.23,9.88,0,0,0,0,0,0,0,0,9.88,0,0,9.88,0,0,0,0,0,0,0,0,0,0,0,1.23,0,0,0,0,0,0,0,0,6.17,7.41,0,1.23,6.17,0,0,0,1.23,1.23,2.47,7.41,1.23,1.23,0,0,0,13.58,3.7,0,0,0,0,9.88,0
29-Attend.txt,1,302,58.93,91.05,41.17,34.17,23.23,21.52,87.42,63.91,55.3,12.58,9.6,1.32,0.33,6.95,0,0.99,2.98,12.91,5.96,1.66,14.9,9.27,2.98,9.27,0.33,13.58,3.97,3.97,3.97,1.66,0.66,1.99,13.58,0.66,12.91,2.98,1.99,1.66,4.3,0.66,4.97,0,2.98,1.99,0.99,0.99,0,0,0,0,0,0,16.56,4.97,1.99,0.99,0,0,0.33,9.93,0,0.33,0,0,0,0,0,0,9.6,0,0.33,8.94,0.33,0,0.99,0.99,0.99,0,0,0,0,0,0,0.99,0,0.99,0.33,0.33,0,0.33,0,0,2.65,4.64,0,0,4.3,0.33,0,0,4.97,1.66,2.65,4.64,0,0,0,0,0,13.58,4.64,4.3,0,0.33,0,4.3,0
293-Attend.txt,1,121,30.9,93.19,11.74,45.06,17.29,23.14,90.91,71.9,62.81,15.7,9.92,0.83,0,9.09,0,0,5.79,13.22,4.96,0,14.88,14.05,1.65,7.44,4.13,20.66,2.48,1.65,2.48,0.83,1.65,0,20.66,3.31,17.36,1.65,3.31,4.13,2.48,2.48,5.79,0,1.65,1.65,0,0,0,0,0,0,0,0,16.53,2.48,0,0,0,0,0.83,13.22,0,0,0,0,0,0,0,0,9.09,0,0,9.09,0,0,0,0,0,0,0,0,0,0,0,1.65,0,2.48,0,0,0,1.65,0,0,7.44,4.96,0.83,0,4.13,0,0.83,0,3.31,1.65,4.96,4.13,0,0,0,0,0,14.05,5.79,4.13,0,0,0,4.13,0
294-Attend.txt,1,25,99,19.67,13.33,1,12.5,20,72,48,40,4,0,0,0,0,0,0,4,12,0,4,28,0,0,0,4,4,4,0,0,0,0,0,12,4,8,0,8,0,0,0,0,0,4,0,4,0,0,0,0,0,0,0,8,8,0,0,0,4,0,0,0,0,0,0,0,0,0,0,4,0,0,4,0,0,0,0,0,0,0,0,0,0,0,0,0,0,4,0,0,0,4,0,4,8,0,0,8,0,0,0,4,4,0,0,0,0,0,0,0,20,8,4,0,0,0,8,0
295-Attend.txt,1,5,89.52,1,1,20.23,5,40,80,40,40,0,0,0,0,0,0,0,0,20,0,0,20,0,0,0,20,0,0,0,0,0,0,0,40,20,20,0,20,0,0,0,0,0,0,0,0,0,0,0,0,0,0,0,20,20,0,0,0,20,0,0,0,0,0,0,0,0,0,0,0,0,0,0,0,0,0,0,0,0,0,0,0,0,0,0,0,0,20,0,0,0,0,0,20,0,0,0,0,0,0,0,0,0,0,0,0,0,0,0,0,20,20,0,0,0,0,0,0
297-Attend.txt,1,17,89.52,99,1.39,95.42,17,29.41,88.24,64.71,52.94,11.76,5.88,0,0,5.88,0,0,5.88,11.76,0,0,23.53,5.88,0,5.88,0,17.65,0,5.88,5.88,0,5.88,0,11.76,5.88,5.88,0,0,5.88,0,0,0,0,5.88,5.88,0,0,0,0,0,0,0,0,17.65,5.88,0,0,0,0,5.88,11.76,0,0,0,0,0,0,0,0,0,0,0,0,0,0,0,0,0,0,0,0,0,0,0,5.88,0,0,0,5.88,0,5.88,0,0,5.88,11.76,0,0,11.76,0,0,0,0,0,0,5.88,0,0,0,0,0,23.53,5.88,17.65,0,0,0,0,0
298-Attend.txt,1,27,83.52,40.06,2.63,77.5,13.5,33.33,74.07,66.67,55.56,14.81,3.7,0,3.7,0,0,0,11.11,22.22,11.11,0,14.81,7.41,3.7,0,3.7,11.11,7.41,0,7.41,3.7,3.7,0,11.11,0,11.11,0,3.7,0,0,3.7,3.7,0,3.7,3.7,0,0,0,0,0,0,0,0,3.7,0,0,0,0,0,0,3.7,0,0,0,0,0,0,0,0,3.7,0,0,3.7,0,0,0,0,0,0,0,0,0,0,0,3.7,0,0,0,0,0,3.7,0,0,0,3.7,0,0,3.7,0,0,0,0,0,3.7,0,3.7,0,3.7,0,0,7.41,7.41,0,0,0,0,0,0
299-Attend.txt,1,41,62.96,99,1,20.23,13.67,34.15,90.24,58.54,51.22,7.32,7.32,0,0,7.32,0,0,0,9.76,2.44,0,14.63,12.2,2.44,7.32,0,17.07,2.44,4.88,0,0,0,0,19.51,4.88,14.63,0,4.88,2.44,2.44,0,2.44,0,0,0,0,0,0,0,0,0,0,0,19.51,2.44,0,0,0,0,2.44,14.63,0,0,0,0,0,0,0,0,17.07,0,0,17.07,0,0,0,0,0,0,0,0,0,0,0,2.44,0,0,2.44,0,0,0,0,0,4.88,2.44,0,2.44,2.44,0,0,0,0,0,7.32,12.2,0,0,0,0,0,9.76,7.32,2.44,0,0,0,0,0
3-Attend.txt,1,93,94.3,93.68,6.29,35.47,23.25,24.73,87.1,64.52,51.61,7.53,4.3,0,0,4.3,0,0,3.23,18.28,7.53,3.23,19.35,7.53,2.15,5.38,0,12.9,4.3,7.53,1.08,0,1.08,0,6.45,0,6.45,0,2.15,2.15,1.08,0,0,0,1.08,1.08,0,0,0,0,0,0,0,0,15.05,7.53,0,0,0,0,5.38,7.53,0,0,0,0,2.15,0,0,2.15,4.3,0,0,3.23,1.08,0,0,0,0,0,0,0,0,0,0,1.08,0,0,0,2.15,0,1.08,0,0,0,4.3,1.08,0,3.23,0,0,0,8.6,2.15,4.3,5.38,0,0,0,0,0,11.83,4.3,3.23,0,0,0,4.3,0
300-Attend.txt,1,38,96.79,99,8.42,20.23,19,28.95,94.74,65.79,50,7.89,5.26,0,0,5.26,0,0,2.63,18.42,5.26,0,23.68,7.89,0,5.26,0,13.16,7.89,5.26,2.63,0,2.63,0,18.42,2.63,15.79,2.63,2.63,2.63,5.26,0,2.63,0,0,0,0,0,0,0,0,0,0,0,15.79,0,0,0,0,0,0,15.79,0,0,0,0,0,0,0,0,18.42,0,0,18.42,0,0,0,0,0,0,0,0,0,0,0,0,0,0,2.63,0,0,0,0,0,0,7.89,0,0,7.89,0,0,0,0,2.63,5.26,5.26,0,0,0,0,0,5.26,5.26,0,0,0,0,0,0
301-Attend.txt,1,88,74.3,92.77,34.4,36.46,17.6,29.55,86.36,59.09,48.86,4.55,4.55,0,0,4.55,0,0,0,9.09,5.68,0,14.77,12.5,3.41,6.82,1.14,18.18,3.41,4.55,3.41,1.14,1.14,1.14,12.5,0,12.5,5.68,1.14,1.14,1.14,0,1.14,0,1.14,1.14,0,0,0,0,0,0,0,0,13.64,4.55,1.14,0,0,0,3.41,9.09,0,0,0,0,0,0,0,0,11.36,0,0,11.36,0,0,0,0,0,0,0,0,0,0,0,1.14,0,0,0,0,0,0,0,1.14,2.27,7.95,0,1.14,5.68,1.14,0,0,3.41,0,3.41,9.09,0,0,0,0,0,12.5,5.68,1.14,0,0,0,5.68,0
302-Attend.txt,1,17,46.7,73.71,1.39,20.23,17,17.65,88.24,76.47,70.59,11.76,5.88,0,0,5.88,0,0,5.88,11.76,5.88,0,23.53,23.53,0,5.88,5.88,29.41,0,0,0,0,0,0,23.53,0,23.53,0,5.88,17.65,0,11.76,5.88,0,0,0,0,0,0,0,0,0,0,0,11.76,0,0,0,0,0,0,11.76,0,0,0,0,0,0,0,0,5.88,0,0,5.88,0,0,0,0,0,0,0,0,0,0,0,0,0,0,0,0,0,0,0,0,0,17.65,0,0,17.65,0,0,0,0,5.88,5.88,0,0,0,0,0,0,17.65,5.88,5.88,0,0,0,5.88,0
303-Attend.txt,1,113,49.23,55.89,28.83,47.03,14.13,24.78,91.15,68.14,57.52,7.96,4.42,0.88,0,1.77,0,0,3.54,10.62,6.19,0.88,15.04,11.5,8.85,5.31,4.42,18.58,2.65,2.65,0.88,0,0,0.88,9.73,0.88,8.85,0.88,1.77,1.77,0.88,0.88,3.54,0,1.77,1.77,0,0,0,0,0,0,0,0,10.62,0.88,0.88,0.88,0,0,0,9.73,0,0,0,0,0,0,0,0,15.93,0,0.88,15.04,0.88,0,0.88,0.88,0,0,0,0,0,0,0,1.77,0,2.65,0,0.88,0,0,0,0,4.42,7.08,0.88,2.65,6.19,0,0,0,2.65,0,4.42,0,0,0,0,0,0,15.04,7.08,6.19,0,0,0,1.77,0
305-Attend.txt,1,50,86.52,29.01,35.01,4.56,16.67,36,78,56,50,4,2,0,0,0,0,2,2,14,6,4,16,12,2,4,2,16,6,4,0,0,0,0,12,0,12,0,4,0,4,0,6,0,2,0,2,2,0,0,0,0,0,0,10,4,0,0,0,2,2,6,0,0,0,0,0,0,0,0,12,0,0,12,0,0,2,2,2,0,0,0,0,0,0,0,0,0,2,2,0,0,0,0,0,4,0,0,4,0,0,0,6,2,0,6,0,0,0,0,0,14,6,4,0,0,0,4,0
306-Attend.txt,1,53,54.43,81.19,2.78,49.04,13.25,41.51,79.25,54.72,45.28,1.89,1.89,0,0,1.89,0,0,0,5.66,3.77,0,11.32,16.98,1.89,9.43,0,18.87,1.89,7.55,1.89,0,1.89,0,9.43,1.89,7.55,1.89,1.89,0,5.66,0,1.89,0,1.89,1.89,0,0,0,0,0,0,0,0,11.32,1.89,0,0,0,0,1.89,7.55,0,0,0,0,0,0,0,0,9.43,0,0,9.43,0,0,0,0,0,0,0,0,0,0,0,1.89,0,1.89,1.89,1.89,0,1.89,0,0,0,3.77,0,0,1.89,1.89,0,0,1.89,1.89,7.55,7.55,0,0,0,0,0,13.21,7.55,1.89,0,0,1.89,1.89,0
308-Attend.txt,1,24,73.36,98.75,1,20.23,12,33.33,83.33,62.5,58.33,16.67,8.33,0,0,0,8.33,0,8.33,12.5,8.33,0,16.67,12.5,0,4.17,0,16.67,0,0,0,0,0,0,4.17,0,4.17,0,4.17,0,0,0,0,0,0,0,0,0,0,0,0,0,0,0,16.67,0,0,0,0,0,0,16.67,0,0,4.17,4.17,0,0,0,0,16.67,0,0,16.67,0,0,0,0,0,0,0,0,0,0,0,0,0,0,0,0,0,0,0,0,0,0,0,0,0,0,0,0,4.17,0,16.67,4.17,0,0,0,0,0,20.83,8.33,0,0,0,0,12.5,0
309-Attend.txt,1,18,99,72.07,10.18,20.23,18,27.78,77.78,50,44.44,0,0,0,0,0,0,0,0,11.11,5.56,0,22.22,5.56,0,5.56,0,11.11,0,0,0,0,0,0,0,0,0,0,0,0,0,0,0,0,0,0,0,0,0,0,0,0,0,0,5.56,0,0,0,0,0,0,5.56,0,0,0,0,0,0,0,0,22.22,0,5.56,16.67,0,0,0,0,0,0,0,0,0,0,0,0,0,0,0,0,0,0,0,0,0,11.11,0,0,11.11,0,0,0,0,0,5.56,5.56,0,0,0,0,0,16.67,5.56,11.11,0,0,0,0,0
31-Attend.txt,1,250,83.71,78.02,24.96,25.39,27.78,30,84.8,59.2,46.8,7.2,4.8,0,0,4.4,0,0.4,2.4,15.2,8.8,3.2,13.2,8.4,1.6,8,0.4,12.8,4.8,5.6,2,0,1.6,0.4,8,0.4,7.6,0.8,2.8,0.4,2.8,0,3.6,0,0.4,0.4,0,0,0,0,0,0,0,0,11.2,4.8,0.4,0,0,1.6,2,6.4,0,0,0,0,0,0,0,0,7.2,0.4,0,6.4,0.4,0,2.4,1.2,1.2,0,0,0,0,0,0.4,0.4,0,0.8,4.4,0,0,0.4,0,0,2.4,4.8,0,0.4,4.4,0,0,0,5.6,2,2.8,3.2,0,0,0,0,0,12.4,3.6,4,0,0,0,4.8,0
311-Attend.txt,1,63,33.38,82.74,45.24,20.23,21,22.22,92.06,73.02,65.08,6.35,4.76,0,1.59,3.17,0,0,1.59,9.52,4.76,0,15.87,19.05,4.76,11.11,1.59,23.81,3.17,6.35,1.59,1.59,0,0,15.87,4.76,11.11,1.59,3.17,0,4.76,0,4.76,0,0,0,0,0,0,0,0,0,0,0,11.11,1.59,1.59,1.59,0,0,0,9.52,0,0,0,0,0,0,0,0,7.94,0,0,7.94,0,0,1.59,1.59,1.59,0,0,0,0,0,0,0,0,0,0,0,0,0,0,0,3.17,7.94,0,1.59,6.35,0,0,1.59,3.17,3.17,4.76,7.94,0,0,0,0,0,4.76,4.76,0,0,0,0,0,0
312-Attend.txt,1,86,67.79,90.72,3.54,9.15,28.67,24.42,83.72,58.14,50,11.63,8.14,0,0,8.14,0,0,3.49,13.95,5.81,1.16,12.79,9.3,2.33,4.65,1.16,12.79,3.49,3.49,2.33,0,1.16,2.33,16.28,2.33,13.95,0,4.65,1.16,4.65,0,4.65,0,1.16,0,1.16,1.16,0,1.16,0,0,0,0,18.6,8.14,0,0,0,3.49,2.33,8.14,0,0,0,0,0,0,0,0,10.47,0,0,10.47,0,0,2.33,2.33,1.16,0,0,0,0,0,0,1.16,0,0,4.65,0,0,0,0,0,4.65,2.33,0,0,2.33,0,0,0,2.33,2.33,3.49,1.16,0,0,0,0,0,16.28,8.14,1.16,0,0,1.16,5.81,0
313-Attend.txt,1,86,67.79,90.72,3.54,9.15,28.67,24.42,83.72,58.14,50,11.63,8.14,0,0,8.14,0,0,3.49,13.95,5.81,1.16,12.79,9.3,2.33,4.65,1.16,12.79,3.49,3.49,2.33,0,1.16,2.33,16.28,2.33,13.95,0,4.65,1.16,4.65,0,4.65,0,1.16,0,1.16,1.16,0,1.16,0,0,0,0,18.6,8.14,0,0,0,3.49,2.33,8.14,0,0,0,0,0,0,0,0,10.47,0,0,10.47,0,0,2.33,2.33,1.16,0,0,0,0,0,0,1.16,0,0,4.65,0,0,0,0,0,4.65,2.33,0,0,2.33,0,0,0,2.33,2.33,3.49,1.16,0,0,0,0,0,16.28,8.14,1.16,0,0,1.16,5.81,0
314-Attend.txt,1,86,67.79,90.72,3.54,9.15,28.67,24.42,83.72,58.14,50,11.63,8.14,0,0,8.14,0,0,3.49,13.95,5.81,1.16,12.79,9.3,2.33,4.65,1.16,12.79,3.49,3.49,2.33,0,1.16,2.33,16.28,2.33,13.95,0,4.65,1.16,4.65,0,4.65,0,1.16,0,1.16,1.16,0,1.16,0,0,0,0,18.6,8.14,0,0,0,3.49,2.33,8.14,0,0,0,0,0,0,0,0,10.47,0,0,10.47,0,0,2.33,2.33,1.16,0,0,0,0,0,0,1.16,0,0,4.65,0,0,0,0,0,4.65,2.33,0,0,2.33,0,0,0,2.33,2.33,3.49,1.16,0,0,0,0,0,16.28,8.14,1.16,0,0,1.16,5.81,0
315-Attend.txt,1,21,94.68,88.15,5.94,1,10.5,28.57,76.19,47.62,38.1,4.76,4.76,0,0,4.76,0,0,0,14.29,4.76,4.76,14.29,9.52,0,0,0,9.52,4.76,4.76,0,0,0,0,4.76,0,4.76,0,4.76,0,0,0,0,0,4.76,0,4.76,0,0,0,0,0,0,0,4.76,0,0,0,0,0,0,4.76,0,0,0,0,0,0,0,0,9.52,0,0,9.52,0,0,0,0,0,0,0,0,0,0,0,0,0,0,4.76,0,0,0,4.76,0,0,4.76,0,0,4.76,0,0,0,4.76,0,4.76,4.76,0,0,0,0,0,9.52,9.52,0,0,0,0,0,0
316-Attend.txt,1,12,89.52,84.23,3.81,20.23,12,41.67,75,58.33,33.33,8.33,0,0,0,0,0,0,8.33,0,0,0,16.67,8.33,0,0,0,25,0,8.33,0,0,0,0,8.33,8.33,0,0,0,0,0,0,0,0,0,0,0,0,0,0,0,0,0,0,8.33,0,0,0,0,0,0,8.33,0,0,0,0,0,0,0,0,0,0,0,0,0,0,0,0,0,0,0,0,0,0,0,8.33,0,0,0,0,0,0,0,0,8.33,16.67,0,0,8.33,8.33,0,0,0,0,8.33,8.33,0,0,0,0,0,16.67,8.33,0,0,0,0,8.33,0
317-Attend.txt,1,24,37.3,6.61,3.81,20.23,12,37.5,79.17,62.5,37.5,0,0,0,0,0,0,0,0,0,0,0,8.33,20.83,0,4.17,4.17,37.5,8.33,0,0,0,0,0,16.67,0,16.67,0,4.17,0,0,0,8.33,0,0,0,0,0,0,0,0,0,0,0,8.33,4.17,0,0,0,0,0,4.17,0,0,0,0,0,0,0,0,12.5,0,0,12.5,0,0,0,0,0,0,0,0,0,0,0,0,0,0,0,0,0,0,0,0,0,0,0,0,0,0,0,0,0,8.33,8.33,12.5,0,0,0,0,0,16.67,8.33,0,0,0,0,8.33,0
323-Attend.txt,1,30,97.77,10.48,63.35,72.45,10,40,93.33,53.33,50,0,0,0,0,0,0,0,0,16.67,10,0,16.67,10,0,6.67,0,13.33,0,6.67,3.33,3.33,0,0,16.67,6.67,10,3.33,0,0,3.33,0,6.67,0,3.33,3.33,0,0,0,0,0,0,0,0,3.33,3.33,3.33,0,0,0,0,0,0,0,0,0,0,0,0,0,26.67,0,0,26.67,0,0,0,0,0,0,0,0,0,0,0,3.33,0,0,0,0,0,0,0,0,3.33,3.33,0,3.33,3.33,0,0,0,3.33,0,6.67,3.33,0,0,0,0,0,10,10,0,0,0,0,0,0
324-Attend.txt,1,70,85.07,89.5,24.32,7.42,17.5,22.86,88.57,55.71,47.14,12.86,12.86,4.29,0,8.57,0,0,0,18.57,8.57,5.71,14.29,4.29,2.86,4.29,1.43,7.14,4.29,5.71,1.43,0,0,1.43,10,1.43,8.57,2.86,4.29,2.86,1.43,0,2.86,0,1.43,0,1.43,0,0,0,0,0,0,0,12.86,2.86,1.43,1.43,0,0,1.43,10,0,0,0,0,1.43,0,0,1.43,12.86,0,0,12.86,0,0,0,0,0,0,0,0,0,0,0,0,0,0,4.29,0,0,0,0,0,1.43,0,0,0,0,0,0,0,7.14,0,4.29,0,0,0,0,0,0,17.14,4.29,4.29,0,1.43,0,7.14,0
325-Attend.txt,1,60,59.67,84.23,3.81,6.08,15,31.67,85,60,48.33,8.33,6.67,0,0,6.67,0,0,1.67,18.33,6.67,0,10,6.67,6.67,5,3.33,8.33,6.67,10,1.67,0,0,1.67,18.33,3.33,15,1.67,5,1.67,1.67,0,3.33,0,1.67,0,1.67,0,0,0,0,0,0,0,11.67,3.33,0,0,0,3.33,0,8.33,0,0,0,0,0,0,0,0,15,0,0,11.67,3.33,0,0,0,0,0,0,0,0,0,0,0,0,1.67,3.33,0,0,0,0,0,1.67,1.67,0,0,1.67,0,0,0,3.33,0,3.33,3.33,0,0,0,0,0,25,10,6.67,0,0,1.67,6.67,0
326-Attend.txt,1,55,56.07,61.66,50.45,20.23,13.75,23.64,92.73,70.91,56.36,9.09,7.27,0,0,7.27,0,0,1.82,18.18,7.27,1.82,10.91,10.91,1.82,7.27,3.64,16.36,5.45,12.73,3.64,0,1.82,1.82,21.82,3.64,16.36,0,5.45,0,3.64,0,9.09,0,0,0,0,0,0,0,0,0,0,0,12.73,3.64,0,0,0,3.64,0,9.09,0,0,0,0,0,0,0,0,10.91,0,0,9.09,1.82,0,0,0,0,0,0,0,0,0,0,0,0,3.64,1.82,0,0,0,0,0,5.45,3.64,0,0,3.64,0,0,0,5.45,0,3.64,5.45,0,0,0,0,0,12.73,5.45,3.64,0,0,1.82,1.82,0
327-Attend.txt,1,136,77.45,17.98,46.57,77.14,13.6,27.94,91.18,58.09,43.38,1.47,0.74,0,0,0,0,0,0.74,6.62,5.88,0.74,12.5,9.56,3.68,8.09,2.21,16.91,7.35,1.47,3.68,1.47,1.47,0.74,16.18,0,16.18,2.21,4.41,2.21,3.68,1.47,6.62,0,5.15,4.41,0.74,0,0,0,0,0,0,0,12.5,7.35,0.74,0,0,1.47,2.94,4.41,0,0.74,0,0,0.74,0,0,0.74,15.44,0,0,15.44,0,0,0.74,0,0,0,0,0,0,0,0,0,0,1.47,2.94,0.74,0,0,0,0,0.74,5.88,0.74,0.74,3.68,0,0.74,0,6.62,4.41,2.94,3.68,0,0,0,0,0,20.59,8.09,2.94,0,2.21,0,7.35,0
328-Attend.txt,1,9,89.52,92.24,10.18,20.23,9,44.44,100,55.56,44.44,0,0,0,0,0,0,0,0,22.22,0,0,11.11,11.11,0,0,0,22.22,0,22.22,0,0,0,0,22.22,22.22,0,0,0,0,0,0,0,0,0,0,0,0,0,0,0,0,0,0,11.11,0,0,0,0,0,0,11.11,0,0,0,0,0,0,0,0,33.33,0,0,33.33,0,0,0,0,0,0,0,0,0,0,0,0,0,0,0,0,0,0,0,0,0,0,0,0,0,0,0,0,11.11,0,11.11,11.11,0,0,0,0,0,11.11,11.11,0,0,0,0,0,0
329-Attend.txt,1,16,26.1,99,1.63,20.23,16,37.5,81.25,50,37.5,12.5,12.5,0,0,12.5,0,0,0,6.25,0,0,6.25,12.5,0,6.25,0,25,0,0,0,0,0,0,12.5,0,12.5,0,6.25,0,6.25,0,6.25,0,0,0,0,0,0,0,0,0,0,0,18.75,6.25,0,0,0,0,0,12.5,0,0,0,0,0,0,0,0,25,0,0,25,0,0,0,0,0,0,0,0,0,0,0,0,0,0,0,0,0,0,0,0,0,0,0,0,0,0,0,0,0,6.25,12.5,6.25,0,0,0,0,0,25,6.25,12.5,0,0,0,6.25,0
330-Attend.txt,1,36,49.68,96.69,3.81,20.23,12,33.33,80.56,58.33,44.44,8.33,5.56,0,0,5.56,0,0,2.78,11.11,2.78,2.78,11.11,8.33,0,13.89,0,19.44,2.78,8.33,0,0,0,0,11.11,0,8.33,2.78,2.78,0,0,0,2.78,0,0,0,0,0,0,0,0,0,0,0,16.67,5.56,0,0,0,0,5.56,11.11,0,0,0,0,0,0,0,0,2.78,0,0,2.78,0,0,0,0,0,0,0,0,0,0,0,0,0,0,2.78,0,0,0,0,0,0,2.78,0,0,2.78,0,0,0,0,0,2.78,8.33,0,0,0,0,0,13.89,8.33,2.78,0,0,0,2.78,0
331-Attend.txt,1,28,2.35,99,2.36,75.77,28,21.43,89.29,75,67.86,21.43,10.71,0,0,10.71,0,0,10.71,17.86,7.14,0,7.14,10.71,10.71,14.29,0,17.86,0,3.57,0,0,0,0,14.29,3.57,10.71,3.57,0,3.57,0,0,3.57,0,3.57,3.57,0,0,0,0,0,0,0,0,10.71,0,0,0,0,0,0,10.71,0,0,0,0,0,0,0,0,7.14,0,0,7.14,0,0,0,0,0,0,0,0,0,0,0,3.57,0,0,0,0,0,0,0,0,7.14,3.57,0,0,3.57,0,0,0,0,0,3.57,3.57,0,0,0,0,0,7.14,3.57,3.57,0,0,0,0,0
332-Attend.txt,1,41,27.64,80.24,6.47,58.42,20.5,29.27,90.24,70.73,60.98,14.63,7.32,0,0,7.32,0,0,7.32,17.07,9.76,2.44,9.76,9.76,7.32,9.76,2.44,17.07,2.44,2.44,0,0,0,0,14.63,2.44,12.2,2.44,0,2.44,0,0,4.88,0,2.44,2.44,0,0,0,0,0,0,0,0,7.32,0,0,0,0,0,0,7.32,0,0,0,0,0,0,0,0,7.32,0,0,7.32,0,0,4.88,2.44,2.44,0,0,0,0,0,0,4.88,0,0,0,0,0,0,0,0,4.88,4.88,0,0,4.88,0,0,0,0,2.44,4.88,2.44,0,0,0,0,0,12.2,4.88,4.88,0,0,0,2.44,0
335-Attend.txt,1,41,69.71,54.61,6.47,20.23,13.67,31.71,78.05,58.54,46.34,7.32,4.88,0,0,4.88,0,0,2.44,17.07,4.88,0,9.76,7.32,2.44,4.88,2.44,12.2,7.32,9.76,2.44,0,0,2.44,21.95,4.88,17.07,0,7.32,0,2.44,0,4.88,0,0,0,0,0,0,0,0,0,0,0,9.76,4.88,0,0,0,4.88,0,4.88,0,0,0,0,0,0,0,0,7.32,0,0,4.88,2.44,0,0,0,0,0,0,0,0,0,0,0,0,2.44,2.44,0,0,0,0,0,4.88,2.44,0,0,2.44,0,0,0,2.44,0,2.44,4.88,0,0,0,0,0,26.83,12.2,4.88,0,0,2.44,7.32,0
338-Attend.txt,1,49,89.52,12.03,51.8,20.23,16.33,32.65,87.76,57.14,46.94,0,0,0,0,0,0,0,0,14.29,10.2,4.08,14.29,10.2,2.04,12.24,0,16.33,4.08,8.16,2.04,0,0,2.04,20.41,0,18.37,2.04,6.12,2.04,4.08,0,8.16,0,0,0,0,0,0,0,0,0,0,0,8.16,6.12,0,0,0,2.04,0,2.04,0,0,0,0,0,0,0,0,12.24,0,0,12.24,0,0,2.04,0,0,0,0,0,0,0,0,2.04,0,0,4.08,0,0,0,0,0,4.08,6.12,2.04,0,2.04,2.04,0,0,8.16,0,8.16,4.08,0,0,0,0,0,14.29,4.08,8.16,0,0,0,2.04,0
339-Attend.txt,1,38,80.4,70.59,18.39,20.23,12.67,28.95,86.84,65.79,55.26,7.89,5.26,0,0,5.26,0,0,2.63,21.05,7.89,0,13.16,7.89,2.63,5.26,2.63,13.16,7.89,7.89,2.63,0,0,2.63,21.05,5.26,15.79,0,7.89,0,2.63,0,5.26,0,0,0,0,0,0,0,0,0,0,0,13.16,5.26,0,0,0,5.26,0,7.89,0,0,0,0,0,0,0,0,7.89,0,0,7.89,0,0,0,0,0,0,0,0,0,0,0,0,0,2.63,2.63,0,0,0,0,0,5.26,5.26,0,0,5.26,0,0,0,2.63,0,2.63,5.26,0,0,0,0,0,13.16,7.89,2.63,0,0,2.63,0,0
34-Attend.txt,1,87,41.08,78.45,16,1.05,14.5,32.18,87.36,56.32,47.13,6.9,5.75,0,1.15,4.6,0,0,1.15,11.49,3.45,3.45,9.2,13.79,2.3,8.05,1.15,16.09,6.9,6.9,2.3,2.3,0,0,13.79,0,13.79,0,1.15,0,6.9,0,6.9,0,3.45,0,3.45,2.3,0,0,0,0,0,0,14.94,5.75,2.3,1.15,0,1.15,1.15,9.2,1.15,0,0,0,0,0,0,0,8.05,0,0,8.05,1.15,0,4.6,2.3,2.3,0,0,0,0,0,2.3,1.15,0,3.45,1.15,0,0,0,0,0,1.15,1.15,0,1.15,1.15,0,0,0,3.45,2.3,1.15,10.34,0,0,0,0,0,25.29,10.34,8.05,0,1.15,0,5.75,0
340-Attend.txt,1,38,80.4,70.59,18.39,20.23,12.67,28.95,86.84,65.79,55.26,7.89,5.26,0,0,5.26,0,0,2.63,21.05,7.89,0,13.16,7.89,2.63,5.26,2.63,13.16,7.89,7.89,2.63,0,0,2.63,21.05,5.26,15.79,0,7.89,0,2.63,0,5.26,0,0,0,0,0,0,0,0,0,0,0,13.16,5.26,0,0,0,5.26,0,7.89,0,0,0,0,0,0,0,0,7.89,0,0,7.89,0,0,0,0,0,0,0,0,0,0,0,0,0,2.63,2.63,0,0,0,0,0,5.26,5.26,0,0,5.26,0,0,0,2.63,0,2.63,5.26,0,0,0,0,0,13.16,7.89,2.63,0,0,2.63,0,0
343-Attend.txt,1,56,93.64,71.08,24.32,20.23,18.67,28.57,85.71,58.93,51.79,7.14,5.36,0,0,5.36,0,0,1.79,19.64,14.29,3.57,14.29,5.36,1.79,8.93,1.79,8.93,3.57,3.57,3.57,0,0,3.57,12.5,0,12.5,3.57,3.57,1.79,3.57,0,5.36,0,0,0,0,0,0,0,0,0,0,0,12.5,5.36,1.79,1.79,0,1.79,1.79,7.14,0,0,0,0,0,0,0,0,7.14,0,0,7.14,0,0,3.57,3.57,0,0,0,0,0,0,0,0,0,0,5.36,3.57,0,0,0,0,1.79,0,0,0,0,0,0,0,7.14,1.79,1.79,0,0,0,0,0,0,25,5.36,1.79,0,0,0,17.86,0
344-Attend.txt,1,28,89.52,9.23,24.32,20.23,28,39.29,92.86,46.43,39.29,0,0,0,0,0,0,0,0,10.71,3.57,0,14.29,3.57,0,14.29,0,10.71,0,3.57,3.57,0,3.57,0,14.29,3.57,10.71,0,3.57,0,3.57,0,7.14,0,7.14,3.57,3.57,3.57,0,0,0,0,0,0,10.71,10.71,3.57,0,0,3.57,3.57,0,0,0,0,0,0,0,0,0,17.86,0,0,17.86,0,0,7.14,7.14,3.57,0,0,0,0,0,0,3.57,0,0,3.57,0,0,0,0,0,3.57,3.57,0,3.57,0,0,0,0,3.57,0,3.57,3.57,0,0,0,0,0,14.29,3.57,10.71,0,0,0,0,0
345-Attend.txt,1,76,29.44,32.65,33.61,61.63,38,23.68,93.42,68.42,56.58,11.84,9.21,2.63,0,6.58,0,0,2.63,9.21,3.95,2.63,14.47,15.79,2.63,9.21,2.63,26.32,1.32,0,3.95,0,1.32,2.63,23.68,0,23.68,1.32,5.26,5.26,6.58,0,9.21,0,2.63,2.63,0,0,0,0,0,0,0,0,10.53,2.63,0,0,0,1.32,0,6.58,0,0,0,0,0,0,0,0,6.58,0,0,6.58,0,0,0,0,0,0,0,0,0,0,0,3.95,0,1.32,2.63,0,0,0,0,0,6.58,2.63,0,0,2.63,0,0,0,5.26,1.32,6.58,7.89,0,0,0,0,0,5.26,1.32,1.32,0,0,0,2.63,0
346-Attend.txt,1,47,72.91,6.28,57.41,20.23,15.67,34.04,89.36,57.45,48.94,0,0,0,0,0,0,0,0,10.64,4.26,0,14.89,14.89,4.26,6.38,2.13,17.02,6.38,6.38,2.13,0,2.13,0,12.77,2.13,10.64,0,0,0,2.13,0,8.51,0,0,0,0,0,0,0,0,0,0,0,6.38,4.26,0,0,0,0,4.26,2.13,0,0,0,0,2.13,0,0,2.13,17.02,0,0,17.02,0,0,0,0,0,0,0,0,0,0,0,2.13,0,0,0,2.13,0,0,0,0,4.26,4.26,0,0,4.26,0,0,0,6.38,2.13,2.13,8.51,0,0,0,0,0,21.28,6.38,0,0,0,0,14.89,0
347-Attend.txt,1,51,46.7,51.75,95.46,50.31,17,29.41,78.43,64.71,49.02,7.84,5.88,0,0,5.88,0,0,1.96,17.65,3.92,3.92,9.8,7.84,5.88,7.84,1.96,13.73,5.88,13.73,0,0,0,0,13.73,0,13.73,1.96,1.96,0,3.92,0,9.8,0,1.96,1.96,0,0,0,0,0,0,0,0,13.73,5.88,0,0,0,0,1.96,7.84,0,0,0,0,0,0,0,0,7.84,0,0,7.84,0,0,0,0,0,0,0,0,0,0,0,1.96,0,0,0,0,0,0,0,0,3.92,3.92,0,0,3.92,0,0,0,11.76,1.96,5.88,0,0,0,0,0,0,11.76,5.88,3.92,0,0,0,1.96,0
348-Attend.txt,1,84,81.45,40.06,3.81,20.23,14,33.33,83.33,50,40.48,3.57,3.57,0,0,0,0,2.38,0,7.14,1.19,1.19,15.48,13.1,1.19,2.38,1.19,19.05,2.38,2.38,7.14,0,2.38,4.76,19.05,1.19,17.86,4.76,7.14,4.76,5.95,0,3.57,0,0,0,0,0,0,0,0,0,0,0,11.9,7.14,0,2.38,0,0,0,4.76,0,0,0,0,0,0,0,0,11.9,0,0,11.9,0,0,0,0,0,0,0,0,0,0,0,1.19,0,0,7.14,0,0,0,0,0,2.38,1.19,0,0,1.19,0,0,0,3.57,3.57,3.57,3.57,0,0,0,0,0,11.9,8.33,0,0,0,0,3.57,0
35-Attend.txt,1,517,80.49,68.31,29.09,20.23,27.21,21.28,83.37,64.99,52.03,9.09,6,0,0,5.03,0.58,0,3.09,17.21,8.7,2.32,14.12,8.12,2.32,6.96,1.55,12.96,5.03,6.77,3.09,0.39,1.55,1.16,14.31,0.58,13.35,0.97,4.06,0.39,3.87,0,6.19,0,0.77,0.39,0.39,0,0,0,0,0,0,0,13.35,5.61,0.39,0.58,0,2.32,0.39,7.54,0,0,0.19,0.39,0,0,0,0,6.58,0,0,6,0.58,0,0.19,0,0,0,0,0,0,0,0,0.19,0.19,1.16,1.74,0.39,0,0,0.58,0,3.68,4.64,0.19,0.58,3.68,0.19,0,0,4.64,1.74,2.71,3.09,0,0,0,0,0,10.83,4.06,2.71,0,0,0.19,3.87,0
350-Attend.txt,1,33,84.76,94.21,50.45,67.94,8.25,27.27,81.82,57.58,48.48,9.09,9.09,3.03,0,6.06,0,0,0,9.09,3.03,3.03,18.18,9.09,0,6.06,0,12.12,6.06,3.03,3.03,3.03,0,0,3.03,0,3.03,0,0,0,3.03,0,0,0,3.03,3.03,0,0,0,0,0,0,0,0,18.18,9.09,6.06,0,0,0,3.03,9.09,0,0,0,0,0,0,0,0,6.06,0,0,6.06,0,0,0,0,0,0,0,0,0,0,0,3.03,0,0,0,0,0,0,0,0,0,3.03,0,0,3.03,0,0,0,12.12,0,6.06,3.03,0,0,0,0,0,15.15,12.12,0,0,0,0,3.03,0
351-Attend.txt,1,116,26.1,65.47,56.1,84.51,16.57,18.1,87.93,77.59,62.07,19.83,15.52,8.62,0,6.9,0,0,4.31,12.93,6.03,0,13.79,12.07,6.9,4.31,1.72,23.28,4.31,0.86,1.72,0,1.72,0,12.07,3.45,8.62,4.31,1.72,1.72,0.86,0,0.86,0,4.31,4.31,0,1.72,1.72,0,0,0,0,0,12.07,3.45,0.86,0,0,0,1.72,8.62,0,0,0,0,0.86,0,0,0.86,6.9,0,0,6.9,0,0,0,0,0,0,0,0,0,0,0,0,0.86,0,0.86,0,0,0,0,0,7.76,8.62,0,0,5.17,1.72,0,1.72,1.72,2.59,3.45,5.17,0,0,0,0,0,12.93,5.17,5.17,0,0,0.86,1.72,0
352-Attend.txt,1,61,23.18,76.91,61.1,44.83,20.33,19.67,90.16,70.49,60.66,14.75,8.2,0,0,6.56,0,0,6.56,13.11,6.56,0,11.48,13.11,6.56,6.56,3.28,19.67,1.64,1.64,0,0,0,0,21.31,0,21.31,3.28,1.64,1.64,6.56,1.64,8.2,0,4.92,3.28,1.64,3.28,1.64,1.64,0,0,0,0,11.48,0,0,0,0,0,0,11.48,0,0,0,0,0,0,0,0,9.84,0,1.64,8.2,0,0,0,0,0,0,0,0,0,0,0,1.64,0,1.64,0,0,0,0,0,1.64,4.92,9.84,1.64,1.64,4.92,0,0,1.64,3.28,0,6.56,4.92,0,0,0,0,0,9.84,4.92,4.92,0,0,0,0,0
353-Attend.txt,1,28,83.77,99,72.58,75.77,9.33,28.57,92.86,64.29,53.57,14.29,10.71,3.57,0,7.14,0,0,3.57,14.29,3.57,0,17.86,7.14,0,3.57,0,14.29,7.14,7.14,3.57,0,0,3.57,7.14,3.57,3.57,0,0,0,3.57,0,3.57,0,3.57,3.57,0,0,0,0,0,0,0,0,21.43,3.57,0,0,0,0,3.57,17.86,0,0,0,0,0,0,0,0,14.29,0,0,14.29,0,0,0,0,0,0,0,0,0,0,0,0,0,3.57,0,0,0,0,0,0,7.14,10.71,0,3.57,10.71,0,0,0,0,0,3.57,7.14,0,0,0,0,0,10.71,10.71,0,0,0,0,0,0
354-Attend.txt,1,15,10.19,1.24,19.26,20.23,15,20,93.33,66.67,60,0,0,0,0,0,0,0,0,20,0,6.67,6.67,20,0,13.33,6.67,26.67,0,20,0,0,0,0,26.67,0,20,0,0,0,6.67,0,13.33,0,0,0,0,0,0,0,0,0,0,0,13.33,0,0,0,0,0,0,6.67,0,0,0,0,0,0,0,0,20,0,0,20,0,0,0,0,0,0,0,0,0,0,0,0,0,6.67,0,0,0,0,0,0,0,0,0,0,0,0,0,0,0,6.67,0,13.33,0,0,0,0,0,13.33,6.67,6.67,0,0,0,0,0
356-Attend.txt,1,27,3.37,40.06,10.18,1,13.5,33.33,81.48,55.56,51.85,11.11,11.11,3.7,0,3.7,0,0,0,3.7,0,0,7.41,14.81,11.11,3.7,7.41,14.81,3.7,0,0,0,0,0,11.11,0,11.11,0,3.7,3.7,0,0,3.7,0,3.7,0,3.7,0,0,0,0,0,0,0,14.81,3.7,0,0,0,0,0,11.11,0,0,0,0,0,0,0,0,14.81,0,0,14.81,0,0,0,0,0,0,0,0,0,0,0,0,0,0,3.7,0,0,0,0,0,0,3.7,0,0,3.7,0,0,0,3.7,0,14.81,7.41,0,0,0,0,0,7.41,7.41,0,0,0,0,0,0
36-Attend.txt,1,524,79.03,68.99,30.22,20.23,26.2,20.99,83.78,65.46,52.67,9.35,6.11,0,0,5.15,0.57,0,3.24,17.37,8.59,2.29,14.12,8.21,2.48,7.06,1.53,12.98,4.77,7.06,3.24,0.38,1.72,1.15,14.5,0.76,13.36,0.95,4.01,0.38,4.01,0,6.3,0,0.76,0.38,0.38,0,0,0,0,0,0,0,13.36,5.53,0.38,0.57,0,2.29,0.38,7.63,0,0,0.38,0.19,0,0,0,0,6.49,0,0,5.92,0.57,0,0.19,0,0,0,0,0,0,0,0,0.19,0.19,1.15,1.72,0.57,0,0,0.57,0,4.2,4.58,0.19,0.57,3.63,0.19,0,0,4.77,1.91,2.67,3.05,0,0,0,0,0,10.69,4.2,2.67,0,0,0.19,3.63,0
37-Attend.txt,1,524,79.03,68.99,30.22,20.23,27.58,20.99,83.78,65.46,52.67,9.35,6.11,0,0,5.15,0.57,0,3.24,17.37,8.59,2.29,14.12,8.21,2.48,7.06,1.53,12.98,4.77,7.06,3.24,0.38,1.72,1.15,14.5,0.76,13.36,0.95,4.01,0.38,4.01,0,6.3,0,0.76,0.38,0.38,0,0,0,0,0,0,0,13.36,5.53,0.38,0.57,0,2.29,0.38,7.63,0,0,0.38,0.19,0,0,0,0,6.49,0,0,5.92,0.57,0,0.19,0,0,0,0,0,0,0,0,0.19,0.19,1.15,1.72,0.57,0,0,0.57,0,4.2,4.58,0.19,0.57,3.63,0.19,0,0,4.77,1.91,2.67,3.05,0,0,0,0,0,10.5,4.01,2.67,0,0,0.19,3.63,0
38-Attend.txt,1,15,22.17,1.24,19.26,97.84,7.5,46.67,73.33,46.67,40,0,0,0,0,0,0,0,0,6.67,0,0,6.67,20,0,6.67,6.67,20,0,0,0,0,0,0,20,6.67,13.33,0,6.67,0,6.67,0,6.67,0,6.67,6.67,0,0,0,0,0,0,0,0,6.67,6.67,0,0,0,6.67,0,0,0,0,0,0,0,0,0,0,6.67,0,0,6.67,0,0,0,0,0,0,0,0,0,0,0,0,0,6.67,6.67,0,0,0,0,0,6.67,0,0,0,0,0,0,0,6.67,0,6.67,6.67,0,0,0,0,0,13.33,13.33,0,0,0,0,0,0
4-Attend.txt,1,103,74.76,96.34,31.95,10.58,25.75,23.3,88.35,60.19,49.51,8.74,5.83,0,1.94,3.88,0,0,2.91,10.68,2.91,4.85,16.5,10.68,3.88,2.91,0.97,18.45,3.88,1.94,4.85,1.94,0.97,1.94,17.48,3.88,13.59,3.88,1.94,2.91,5.83,0.97,0.97,0,0.97,0,0.97,0,0,0,0,0,0,0,12.62,2.91,0,0,0,0,1.94,9.71,0,0,0,0,0.97,0,0,0.97,7.77,0,0,6.8,0.97,0,0.97,0.97,0.97,0,0,0,0,0,0,0.97,0,0.97,0,0,0,0,0,0,2.91,2.91,0,0,2.91,0,0,0,10.68,0.97,1.94,5.83,0,0,0,0,0,18.45,3.88,4.85,0,0,0,9.71,0
40-Attend.txt,1,32,5.64,94.84,32.54,69.4,10.67,9.38,84.38,75,65.63,18.75,12.5,3.13,3.13,6.25,0,0,6.25,6.25,3.13,0,15.63,18.75,9.38,9.38,0,28.13,0,0,6.25,6.25,0,0,6.25,0,6.25,3.13,0,0,3.13,0,3.13,0,3.13,3.13,0,0,0,0,0,0,0,0,15.63,6.25,3.13,0,0,0,3.13,9.38,0,0,0,0,0,0,0,0,6.25,0,0,6.25,0,0,0,0,0,0,0,0,0,0,0,0,0,3.13,0,0,0,0,0,0,6.25,0,0,0,0,0,0,0,6.25,3.13,3.13,12.5,0,0,0,0,0,15.63,9.38,0,0,0,0,6.25,0
42-Attend.txt,1,49,99,83.6,1,20.23,12.25,32.65,85.71,63.27,48.98,2.04,2.04,0,0,0,0,0,0,18.37,14.29,0,16.33,10.2,2.04,0,0,18.37,2.04,8.16,2.04,0,2.04,0,8.16,4.08,4.08,0,2.04,0,2.04,0,0,0,0,0,0,0,0,0,0,0,0,0,10.2,2.04,2.04,2.04,0,0,0,8.16,0,0,0,0,0,0,0,0,16.33,0,0,16.33,0,0,0,0,0,0,0,0,0,0,0,2.04,0,0,2.04,2.04,0,0,0,0,2.04,0,0,0,0,0,0,0,2.04,0,6.12,4.08,0,0,0,0,0,16.33,6.12,0,0,0,0,10.2,0
45-Attend.txt,1,71,73.06,89.11,51.38,83.63,17.75,19.72,92.96,67.61,60.56,12.68,8.45,0,2.82,5.63,0,0,4.23,12.68,7.04,0,18.31,11.27,2.82,4.23,2.82,14.08,2.82,1.41,8.45,2.82,5.63,0,9.86,0,9.86,2.82,0,0,2.82,0,5.63,0,4.23,4.23,0,0,0,0,0,0,0,0,15.49,4.23,0,0,0,0,0,9.86,0,0,0,0,0,0,0,0,14.08,0,0,14.08,0,0,0,0,0,0,0,0,0,0,0,0,0,1.41,0,0,0,1.41,0,0,8.45,8.45,0,0,7.04,0,0,1.41,2.82,0,4.23,4.23,0,0,0,0,0,8.45,5.63,1.41,0,0,0,1.41,0
5-Attend.txt,1,119,92.59,89.73,12.44,31.82,23.8,23.53,85.71,63.87,53.78,9.24,5.88,0.84,0,5.04,0,0,3.36,18.49,8.4,2.52,18.49,6.72,2.52,5.04,0.84,10.92,3.36,6.72,0.84,0,0.84,0,6.72,0,6.72,0.84,1.68,1.68,0.84,0,0.84,0,0.84,0.84,0,0,0,0,0,0,0,0,14.29,6.72,0,0,0,0,5.04,7.56,0,0,0,0,1.68,0,0,1.68,5.04,0,0,4.2,0.84,0,0,0,0,0,0,0,0,0,0,0.84,0,0,0,1.68,0,0.84,0,0,0,4.2,0.84,0,3.36,0,0,0,7.56,1.68,4.2,4.2,0,0,0,0,0,10.92,4.2,3.36,0,0,0,3.36,0
51-Attend.txt,1,54,86.76,40.06,65.87,20.23,13.5,20.37,87.04,59.26,51.85,7.41,7.41,3.7,0,3.7,0,0,0,12.96,5.56,3.7,18.52,7.41,3.7,7.41,0,11.11,3.7,7.41,1.85,0,0,1.85,18.52,1.85,14.81,1.85,5.56,0,1.85,0,5.56,0,0,0,0,0,0,0,0,0,0,0,9.26,3.7,0,0,0,1.85,0,5.56,0,0,0,0,0,0,0,0,7.41,0,0,7.41,0,0,0,0,0,0,0,0,0,0,0,0,0,0,1.85,0,0,0,0,0,1.85,7.41,0,1.85,5.56,0,0,0,1.85,0,0,7.41,0,0,0,0,0,9.26,7.41,1.85,0,0,0,0,0
54-Attend.txt,1,169,88.69,19.07,20.65,20.23,18.78,30.18,79.29,50.3,39.05,2.96,0,0,0,0,0,0,2.96,12.43,6.51,2.96,12.43,7.1,1.18,7.1,1.18,13.61,4.14,3.55,1.78,0,0,1.78,14.2,0.59,13.61,0.59,2.96,2.96,3.55,2.96,4.73,0,0,0,0,0,0,0,0,0,0,0,8.28,6.51,0,1.18,0,1.18,4.14,1.78,0,0.59,0,0,4.14,0,0,4.14,11.83,0.59,1.18,11.24,0,0,1.18,1.18,0.59,0,0,0,0,0,0,1.18,0,0.59,1.78,0.59,0,0,0,0,1.18,5.92,1.18,1.18,2.37,1.18,0,0,7.69,3.55,2.37,0.59,0,0,0,0,0,34.32,8.88,7.69,0,0,1.18,16.57,0
55-Attend.txt,1,159,91.15,83.65,55.39,28.64,19.88,23.9,91.82,62.89,50.94,11.32,8.18,0.63,0,7.55,0,0,3.14,16.35,10.69,2.52,15.09,6.92,0,5.66,0.63,11.95,5.66,3.77,3.14,0.63,1.26,1.26,13.84,1.26,12.58,0.63,3.14,0.63,3.77,0,7.55,0,0.63,0.63,0,0,0,0,0,0,0,0,15.72,5.03,0.63,0,0,1.89,0,9.43,0,0,0,0,0,0,0,0,11.95,0,0,11.95,0,0,0,0,0,0,0,0,0,0,0,0.63,0,2.52,0.63,0,0,0,0,0,3.14,4.4,0,0,4.4,0,0,0,6.29,0.63,3.77,3.14,0,0,0,0,0,16.35,5.03,5.03,0,0,0,6.29,0
56-Attend.txt,1,48,78.28,75.49,54.55,20.23,16,18.75,95.83,72.92,60.42,6.25,4.17,0,0,4.17,0,0,2.08,16.67,6.25,0,16.67,10.42,6.25,4.17,2.08,22.92,2.08,6.25,0,0,0,0,18.75,10.42,8.33,2.08,0,2.08,2.08,2.08,0,0,0,0,0,0,0,0,0,0,0,0,4.17,0,0,0,0,0,0,4.17,0,0,0,0,0,0,0,0,14.58,0,0,14.58,0,0,0,0,0,0,0,0,0,0,0,2.08,0,2.08,0,0,0,0,0,0,8.33,10.42,0,4.17,8.33,0,0,0,6.25,0,8.33,4.17,0,0,0,0,0,8.33,6.25,2.08,0,0,0,0,0
58-Attend.txt,1,50,69.05,99,13.33,50.98,16.67,18,92,66,52,16,10,0,0,10,0,0,6,18,4,0,14,8,0,4,0,18,2,6,2,0,2,0,18,4,14,4,4,0,6,0,2,0,2,2,0,0,0,0,0,0,0,0,14,2,0,0,0,0,0,12,0,2,0,0,0,0,0,0,14,0,0,14,0,0,0,0,0,0,0,0,0,0,0,0,0,4,0,0,0,2,0,0,6,2,0,0,2,0,0,0,4,4,6,4,0,0,0,0,0,8,6,2,0,0,0,0,0
6-Attend.txt,1,451,85.4,55.93,48.84,20.23,26.53,21.51,83.37,66.52,52.33,8.2,4.66,0,0,4.21,0,0,3.55,19.51,10.2,2.44,13.53,7.54,2.88,6.87,0.89,12.42,6.43,7.98,2,0,0.89,1.11,15.08,0.89,13.75,0.89,4.43,0,4.66,0,6.65,0,0,0,0,0,0,0,0,0,0,0,12.42,5.99,0.22,0.22,0,2.88,0.22,5.99,0,0,0,0,0,0,0,0,5.99,0,0.22,5.32,0.67,0,0,0,0,0,0,0,0,0,0,0.22,0,1.33,1.11,0.89,0,0,0,0,3.55,4.88,0,1.11,3.55,0.22,0,0,5.76,2.44,2.66,2.88,0,0,0,0,0,10.42,4.21,2.66,0,0,0.22,3.33,0
60-Attend.txt,1,42,89.52,79.51,24.32,98.65,21,19.05,95.24,66.67,61.9,9.52,9.52,2.38,0,7.14,0,0,0,9.52,9.52,0,21.43,9.52,4.76,4.76,2.38,9.52,2.38,2.38,9.52,0,9.52,0,7.14,0,7.14,2.38,0,0,2.38,0,4.76,0,7.14,7.14,0,0,0,0,0,0,0,0,16.67,4.76,0,0,0,0,0,9.52,0,0,0,0,0,0,0,0,11.9,0,0,11.9,0,0,0,0,0,0,0,0,0,0,0,0,0,0,0,0,0,2.38,0,0,9.52,7.14,0,0,4.76,0,0,2.38,0,0,4.76,2.38,0,0,0,0,0,4.76,4.76,0,0,0,0,0,0
61-Attend.txt,1,13,96.67,81.78,2.93,20.23,13,30.77,100,69.23,53.85,0,0,0,0,0,0,0,0,30.77,0,7.69,15.38,7.69,0,0,0,15.38,7.69,30.77,0,0,0,0,7.69,7.69,0,0,0,0,0,0,0,0,0,0,0,0,0,0,0,0,0,0,15.38,7.69,0,0,0,0,7.69,7.69,0,0,0,0,0,0,0,0,15.38,0,0,15.38,0,0,0,0,0,0,0,0,0,0,0,7.69,0,0,0,0,0,0,0,0,0,0,0,0,0,0,0,0,7.69,0,7.69,0,0,0,0,0,0,7.69,7.69,0,0,0,0,0,0
62-Attend.txt,1,28,99,40.06,72.58,75.77,14,35.71,89.29,46.43,32.14,0,0,0,0,0,0,0,0,10.71,7.14,21.43,14.29,3.57,0,3.57,0,7.14,3.57,14.29,0,0,0,0,0,0,0,0,0,0,0,0,0,0,3.57,3.57,0,0,0,0,0,0,0,0,10.71,10.71,0,0,0,0,7.14,0,0,0,0,0,0,0,0,0,0,0,0,0,0,0,0,0,0,0,0,0,0,0,0,3.57,0,0,0,0,0,0,0,0,3.57,7.14,0,0,7.14,0,0,0,14.29,0,3.57,0,0,0,0,0,0,21.43,7.14,3.57,0,0,0,10.71,0
64-Attend.txt,1,53,43.04,87.88,5.76,20.23,26.5,28.3,94.34,71.7,58.49,11.32,7.55,0,0,7.55,0,0,3.77,13.21,5.66,0,13.21,15.09,3.77,5.66,1.89,22.64,1.89,7.55,0,0,0,0,13.21,3.77,9.43,0,0,3.77,1.89,3.77,3.77,0,0,0,0,0,0,0,0,0,0,0,11.32,3.77,0,0,0,0,3.77,7.55,0,0,0,0,1.89,0,0,1.89,13.21,0,0,13.21,0,0,0,0,0,0,0,0,0,0,0,3.77,0,1.89,0,0,0,0,0,0,5.66,7.55,0,0,7.55,0,0,0,1.89,1.89,7.55,1.89,0,0,0,0,0,5.66,3.77,1.89,0,0,0,0,0
68-Attend.txt,1,145,96.21,40.06,9.93,12.93,20.71,30.34,86.9,60.69,50.34,2.07,0,0,0,0,0,0,2.07,18.62,13.79,0.69,13.79,10.34,2.76,4.83,0.69,15.86,6.21,2.76,0,0,0,0,17.24,1.38,15.86,2.76,4.83,1.38,4.83,0,4.14,0,0.69,0,0.69,0.69,0,0.69,0,0,0,0,8.97,2.76,0,0,0,0.69,2.07,4.83,0,0,0,0,0,0,0,0,13.1,0,0,13.1,0,0,2.76,2.76,2.76,0,0,0,0,0,0,2.07,0,0,2.76,0,0,0,0,0,1.38,2.07,0,0.69,2.07,0,0,0,2.76,2.76,1.38,4.14,0,0,0,0,0,11.72,4.83,5.52,0,0,0,1.38,0
7-Attend.txt,1,451,85.4,55.93,48.84,20.23,26.53,21.51,83.37,66.52,52.33,8.2,4.66,0,0,4.21,0,0,3.55,19.51,10.2,2.44,13.53,7.54,2.88,6.87,0.89,12.42,6.43,7.98,2,0,0.89,1.11,15.08,0.89,13.75,0.89,4.43,0,4.66,0,6.65,0,0,0,0,0,0,0,0,0,0,0,12.42,5.99,0.22,0.22,0,2.88,0.22,5.99,0,0,0,0,0,0,0,0,5.99,0,0.22,5.32,0.67,0,0,0,0,0,0,0,0,0,0,0.22,0,1.33,1.11,0.89,0,0,0,0,3.55,4.88,0,1.11,3.55,0.22,0,0,5.76,2.44,2.66,2.88,0,0,0,0,0,10.42,4.21,2.66,0,0,0.22,3.33,0
70-Attend.txt,1,48,37.3,90.6,8.11,52.41,12,27.08,77.08,64.58,52.08,6.25,6.25,0,2.08,4.17,0,0,0,2.08,2.08,0,14.58,18.75,4.17,6.25,2.08,27.08,4.17,0,2.08,2.08,0,0,10.42,0,10.42,0,4.17,0,0,0,4.17,0,2.08,2.08,0,0,0,0,0,0,0,0,10.42,0,0,0,0,0,0,10.42,0,0,0,0,0,0,0,0,6.25,0,0,6.25,0,0,0,0,0,0,0,0,0,0,0,0,0,0,0,0,0,0,0,0,2.08,2.08,0,0,2.08,0,0,0,4.17,2.08,4.17,10.42,0,0,0,0,0,10.42,8.33,2.08,0,0,0,0,0
71-Attend.txt,1,79,57.92,81.39,38.11,90.96,11.29,25.32,88.61,69.62,49.37,7.59,5.06,0,1.27,3.8,0,0,2.53,8.86,2.53,0,13.92,12.66,2.53,7.59,0,26.58,6.33,3.8,1.27,1.27,0,0,11.39,2.53,8.86,3.8,2.53,0,2.53,0,2.53,0,5.06,5.06,0,1.27,1.27,0,0,0,0,0,7.59,2.53,1.27,1.27,0,0,1.27,5.06,0,0,0,0,2.53,0,0,2.53,8.86,0,0,8.86,0,0,0,0,0,0,0,0,0,0,0,0,0,2.53,0,0,0,0,1.27,0,5.06,6.33,0,3.8,2.53,0,0,0,3.8,3.8,5.06,3.8,0,0,0,0,0,8.86,8.86,0,0,0,0,0,0
72-Attend.txt,1,103,90.8,98.12,25.92,20.23,25.75,19.42,87.38,61.17,48.54,6.8,6.8,0,1.94,4.85,0,0,0,12.62,10.68,0.97,15.53,4.85,3.88,9.71,0,10.68,6.8,2.91,4.85,1.94,1.94,0.97,14.56,0,14.56,3.88,2.91,2.91,4.85,0,3.88,0,1.94,0.97,0.97,0.97,0,0,0,0,0,0,15.53,0.97,0.97,0.97,0,0,0,12.62,0,0,0,0,0,0,0,0,9.71,0,0,8.74,0.97,0,0.97,0.97,0.97,0,0,0,0,0,0,0,0,1.94,0.97,0.97,0,0.97,0,0,6.8,5.83,0,0,5.83,0,0,0,3.88,0,3.88,2.91,0,0,0,0,0,9.71,3.88,3.88,0,0,0,1.94,0
73-Attend.txt,1,23,23.51,99,4.38,84.9,7.67,39.13,82.61,52.17,43.48,13.04,13.04,0,8.7,4.35,0,0,0,13.04,4.35,0,4.35,17.39,0,4.35,0,21.74,4.35,0,8.7,8.7,0,0,0,0,0,0,0,0,0,0,0,0,4.35,4.35,0,0,0,0,0,0,0,0,17.39,4.35,0,0,0,0,0,13.04,0,0,0,0,0,0,0,0,17.39,0,0,17.39,0,0,0,0,0,0,0,0,0,0,0,8.7,0,0,0,0,0,0,0,0,8.7,0,0,0,0,0,0,0,8.7,0,13.04,4.35,0,0,0,0,0,17.39,13.04,0,0,0,0,4.35,0
74-Attend.txt,1,44,16.24,40.06,20.79,98.14,11,15.91,77.27,65.91,52.27,15.91,13.64,6.82,0,6.82,0,0,2.27,4.55,2.27,0,9.09,13.64,0,9.09,2.27,25,2.27,0,6.82,2.27,2.27,2.27,9.09,0,9.09,0,2.27,2.27,4.55,0,4.55,0,6.82,6.82,0,2.27,2.27,0,0,0,0,0,15.91,9.09,2.27,0,0,0,0,6.82,0,0,0,0,0,0,0,0,4.55,0,0,4.55,0,0,0,0,0,0,0,0,0,0,0,0,2.27,0,0,0,0,0,0,0,4.55,2.27,0,0,2.27,0,0,0,2.27,2.27,2.27,15.91,0,0,0,0,0,11.36,9.09,2.27,0,0,0,0,0
75-Attend.txt,1,43,57.83,87.48,22.48,20.23,10.75,25.58,95.35,62.79,51.16,11.63,4.65,0,0,4.65,0,0,6.98,13.95,2.33,2.33,13.95,11.63,2.33,4.65,0,18.6,2.33,6.98,0,0,0,0,6.98,4.65,2.33,0,0,0,0,0,0,0,0,0,0,0,0,0,0,0,0,0,6.98,2.33,0,0,0,0,0,4.65,0,0,0,0,0,0,0,0,16.28,0,0,16.28,0,0,0,0,0,0,0,0,0,0,0,0,0,0,0,0,0,0,0,0,0,4.65,0,0,4.65,0,0,0,9.3,0,6.98,6.98,0,0,0,0,0,25.58,6.98,4.65,0,13.95,0,0,0
76-Attend.txt,1,36,92.86,13.82,1,20.23,12,33.33,80.56,58.33,50,0,0,0,0,0,0,0,0,11.11,8.33,0,19.44,13.89,2.78,5.56,2.78,19.44,2.78,2.78,0,0,0,0,11.11,2.78,8.33,0,0,2.78,0,0,5.56,0,0,0,0,0,0,0,0,0,0,0,5.56,2.78,0,2.78,0,0,0,2.78,0,0,0,0,2.78,0,0,2.78,13.89,0,0,13.89,0,0,0,0,0,0,0,0,0,0,0,0,0,0,0,0,0,0,0,0,0,0,0,0,0,0,0,0,0,0,5.56,5.56,0,0,0,0,0,13.89,8.33,2.78,0,0,0,2.78,0
77-Attend.txt,1,77,60.69,86.82,24.32,91.84,12.83,25.97,88.31,71.43,51.95,7.79,5.19,0,1.3,3.9,0,0,2.6,10.39,6.49,0,12.99,12.99,2.6,9.09,0,25.97,5.19,2.6,1.3,1.3,0,0,9.09,1.3,7.79,3.9,2.6,0,2.6,0,1.3,0,5.19,5.19,0,1.3,1.3,0,0,0,0,0,6.49,1.3,0,0,0,0,1.3,5.19,0,0,0,0,0,0,0,0,10.39,0,0,10.39,0,0,0,0,0,0,0,0,0,0,0,0,0,2.6,0,0,0,0,1.3,0,3.9,5.19,0,2.6,2.6,0,0,0,3.9,3.9,5.19,3.9,0,0,0,0,0,7.79,6.49,1.3,0,0,0,0,0
78-Attend.txt,1,93,48.05,85.18,28.88,53.56,18.6,11.83,89.25,69.89,56.99,13.98,9.68,1.08,0,8.6,0,0,4.3,11.83,3.23,0,15.05,10.75,2.15,7.53,1.08,19.35,5.38,3.23,6.45,2.15,4.3,0,19.35,1.08,18.28,0,5.38,3.23,7.53,2.15,8.6,0,2.15,2.15,0,0,0,0,0,0,0,0,15.05,4.3,1.08,1.08,0,2.15,1.08,10.75,0,0,0,0,1.08,0,0,1.08,7.53,0,0,7.53,0,0,2.15,2.15,1.08,0,0,0,0,0,0,0,0,1.08,1.08,0,0,1.08,0,0,8.6,6.45,0,1.08,6.45,0,0,0,1.08,0,2.15,1.08,0,0,0,0,0,10.75,5.38,2.15,0,0,2.15,1.08,0
79-Attend.txt,1,99,78.71,40.06,7.29,10.27,16.5,38.38,73.74,50.51,46.46,6.06,2.02,0,0,2.02,0,0,4.04,14.14,5.05,1.01,14.14,9.09,2.02,6.06,2.02,12.12,2.02,1.01,3.03,0,1.01,2.02,17.17,2.02,15.15,2.02,4.04,1.01,3.03,2.02,5.05,0,1.01,0,1.01,0,0,0,0,0,0,0,13.13,8.08,0,0,0,0,6.06,5.05,0,0,0,0,2.02,0,0,2.02,8.08,0,0,8.08,0,0,2.02,2.02,2.02,0,0,0,0,0,0,1.01,0,0,1.01,0,0,0,0,1.01,3.03,3.03,0,0,3.03,0,0,0,1.01,3.03,3.03,2.02,0,0,0,0,0,23.23,6.06,6.06,0,0,0,11.11,0
81-Attend.txt,1,92,94.33,53.04,74.45,71.41,15.33,33.7,82.61,56.52,45.65,4.35,3.26,0,1.09,2.17,0,0,1.09,7.61,6.52,0,18.48,7.61,0,7.61,1.09,15.22,3.26,1.09,2.17,2.17,0,0,9.78,1.09,8.7,3.26,2.17,0,4.35,0,3.26,0,3.26,3.26,0,0,0,0,0,0,0,0,6.52,3.26,1.09,0,0,0,1.09,3.26,0,0,0,0,1.09,0,0,1.09,14.13,0,0,14.13,0,0,0,0,0,0,0,0,0,0,0,1.09,0,1.09,0,0,0,0,1.09,0,1.09,9.78,1.09,3.26,5.43,0,0,0,6.52,3.26,2.17,3.26,0,0,0,0,0,18.48,6.52,7.61,0,0,0,4.35,0
82-Attend.txt,1,110,90.72,61.66,87.82,63.17,12.22,29.09,89.09,61.82,49.09,6.36,4.55,0,0.91,3.64,0,0,1.82,10,6.36,0,18.18,8.18,0,7.27,1.82,18.18,3.64,0.91,1.82,1.82,0,0,11.82,1.82,10,3.64,1.82,0,4.55,0,4.55,0,2.73,2.73,0,0,0,0,0,0,0,0,10.91,5.45,0.91,0,0,0,3.64,5.45,0,0,0,0,3.64,0,0,3.64,12.73,0,0,12.73,0,0,0,0,0,0,0,0,0,0,0,0.91,0,0.91,0,0,0,0,0.91,0,2.73,10.91,1.82,4.55,4.55,0,0,0,7.27,3.64,2.73,3.64,0,0,0,0,0,12.73,8.18,3.64,0,0,0,0.91,0
83-Attend.txt,1,103,77.04,78,77.76,20.23,20.6,33.01,76.7,58.25,45.63,5.83,4.85,0,2.91,0.97,0,0.97,0.97,10.68,4.85,2.91,13.59,10.68,2.91,5.83,0,13.59,8.74,7.77,6.8,4.85,0.97,0.97,9.71,0,9.71,1.94,0,0,3.88,0,3.88,0,0,0,0,0,0,0,0,0,0,0,6.8,0,0,0,0,0,0,6.8,0,0,0,0,0,0,0,0,5.83,0,0,4.85,0.97,0,0,0,0,0,0,0,0,0,0,1.94,0,0,0,0,0,0,0,1.94,1.94,8.74,0.97,0.97,6.8,0,0,0,8.74,0.97,0,6.8,0,0,0,0,0,11.65,4.85,4.85,0,0,0.97,0.97,0
87-Attend.txt,1,252,62.66,51.89,45.24,6.51,22.91,25.79,90.08,62.7,54.37,7.54,3.97,0.4,0,3.57,0,0,3.57,14.29,6.35,2.78,13.49,11.9,3.17,8.73,0.79,15.48,4.37,3.17,1.98,0.4,1.98,0,19.05,2.78,16.27,1.98,3.17,1.19,5.56,0.4,7.14,0,1.59,0,1.59,0.4,0,0,0,0,0,0,13.89,7.14,0.4,0,0,1.98,2.78,6.75,0,0,0,0,0,0,0,0,11.51,0,0,11.51,0,0,1.98,1.19,0.4,0,0,0,0,0,0.4,1.98,0,0.79,0.4,0.79,0,0,0,0,3.17,4.76,0,1.19,3.17,0.4,0,0,4.76,1.98,5.56,3.97,0,0,0,0,0,13.49,5.16,2.78,0,0,0.79,4.76,0
9-Attend.txt,1,250,83.71,78.02,24.96,25.39,35.71,30,84.8,59.2,46.8,7.2,4.8,0,0,4.4,0,0.4,2.4,15.2,8.8,3.2,13.2,8.4,1.6,8,0.4,12.8,4.8,5.6,2,0,1.6,0.4,8,0.4,7.6,0.8,2.8,0.4,2.8,0,3.6,0,0.4,0.4,0,0,0,0,0,0,0,0,11.2,4.8,0.4,0,0,1.6,2,6.4,0,0,0,0,0,0,0,0,7.2,0.4,0,6.4,0.4,0,2.4,1.2,1.2,0,0,0,0,0,0.4,0.4,0,0.8,4.4,0,0,0.4,0,0,2.4,4.8,0,0.4,4.4,0,0,0,5.6,2,2.8,3.2,0,0,0,0,0,12.8,3.6,4,0,0,0,5.2,0
91-Attend.txt,1,66,89.52,91.07,8.65,20.23,16.5,33.33,81.82,53.03,43.94,10.61,6.06,0,1.52,4.55,0,0,4.55,19.7,7.58,3.03,13.64,4.55,3.03,3.03,0,6.06,3.03,9.09,9.09,3.03,3.03,3.03,12.12,0,10.61,1.52,4.55,1.52,0,0,3.03,0,3.03,1.52,1.52,1.52,0,1.52,0,0,1.52,0,12.12,4.55,1.52,0,0,1.52,0,7.58,0,0,0,0,0,0,0,0,9.09,0,0,9.09,0,0,0,0,0,0,0,0,0,0,0,1.52,0,1.52,1.52,1.52,0,3.03,1.52,0,0,6.06,0,0,6.06,0,0,0,1.52,1.52,1.52,1.52,1.52,1.52,0,0,0,21.21,6.06,4.55,0,0,0,10.61,0
92-Attend.txt,1,144,96.64,40.06,12.59,20.23,14.4,34.72,80.56,50.69,43.75,0.69,0,0,0,0,0,0,0.69,19.44,12.5,6.25,11.81,9.03,1.39,4.17,1.39,10.42,7.64,4.86,1.39,0,0.69,0.69,12.5,2.08,10.42,0,5.56,0,1.39,1.39,2.08,0,1.39,0.69,0.69,0.69,0,0,0,0,0,0,7.64,4.17,0.69,0,0,2.08,0.69,3.47,0,0,0,0,0,0,0,0,9.72,0,0,9.72,0,0,0.69,0.69,0.69,0,0,0,0,0,0,0.69,0,0,5.56,0,0,0,0,0,2.78,6.25,0,0.69,5.56,0,0,0,3.47,0.69,2.78,5.56,0,0,0,0,0,18.75,6.94,4.86,0,0,2.08,4.86,0
93-Attend.txt,1,150,78.84,85.4,7.03,29.19,21.43,29.33,82.67,60.67,47.33,6.67,6,0.67,0,5.33,0,0,0.67,12,7.33,0.67,14,10,2,8.67,0,16.67,5.33,5.33,2.67,0.67,1.33,0.67,10.67,0.67,9.33,0.67,4.67,1.33,1.33,0,2,0,2,1.33,0.67,0.67,0,0.67,0,0,0.67,0,10.67,4,0.67,0,0,0.67,2,6,0,0,0,0,0.67,0,0,0.67,10.67,0,0,10.67,0,0,0.67,0.67,0,0,0,0,0,0,0,1.33,0,0.67,1.33,0.67,0,1.33,0.67,0,0.67,4,0,0,4,0,0,0,4,4.67,4,3.33,0.67,0.67,0,0,0,17.33,5.33,1.33,0,0,0,10.67,0
94-Attend.txt,1,75,89.52,70.96,8.82,20.23,18.75,36,81.33,50.67,41.33,6.67,4,0,1.33,2.67,0,0,2.67,16,8,2.67,12,5.33,2.67,5.33,0,9.33,4,8,6.67,2.67,2.67,1.33,10.67,0,9.33,1.33,4,1.33,1.33,0,2.67,0,2.67,1.33,1.33,1.33,0,1.33,0,0,1.33,0,10.67,6.67,1.33,0,0,1.33,2.67,4,0,0,0,0,0,0,0,0,9.33,0,0,9.33,0,0,1.33,1.33,0,0,0,0,0,0,0,2.67,0,1.33,4,1.33,0,2.67,1.33,0,0,5.33,0,0,5.33,0,0,0,2.67,5.33,2.67,1.33,1.33,1.33,0,0,0,22.67,6.67,2.67,0,0,0,13.33,0
95-Attend.txt,1,14,76.24,97.11,2.36,20.23,14,35.71,71.43,57.14,35.71,7.14,7.14,0,0,7.14,0,0,0,7.14,0,0,14.29,7.14,7.14,0,0,21.43,7.14,0,0,0,0,0,14.29,0,14.29,0,7.14,0,7.14,0,0,0,0,0,0,0,0,0,0,0,0,0,7.14,0,0,0,0,0,0,7.14,0,0,0,0,0,0,0,0,14.29,0,0,14.29,0,0,0,0,0,0,0,0,0,0,0,0,0,7.14,0,0,0,0,0,0,0,0,0,0,0,0,0,0,7.14,7.14,7.14,0,0,0,0,0,0,28.57,7.14,0,0,0,0,21.43,0
98-Attend.txt,1,27,93.76,62.05,27.44,20.23,13.5,40.74,92.59,51.85,37.04,0,0,0,0,0,0,0,0,11.11,7.41,3.7,11.11,7.41,0,7.41,0,18.52,0,7.41,3.7,0,3.7,0,18.52,0,18.52,11.11,3.7,0,3.7,0,0,0,0,0,0,0,0,0,0,0,0,0,18.52,14.81,0,0,0,0,14.81,3.7,0,0,0,0,0,0,0,0,14.81,0,0,14.81,0,0,0,0,0,0,0,0,0,0,0,0,0,0,0,0,0,0,0,0,0,3.7,3.7,0,0,0,0,0,3.7,0,3.7,7.41,0,0,0,0,0,11.11,7.41,0,0,0,0,3.7,0
